rank,ticker,name,direction,narrative,event_id,trigger,catalyst,jev_impact,jev_priced_in,jev_order,jev_horizon,boom_score,ret_since_post_pct,spy_since_post_pct,excess_since_post_pct,base_post_et,base_handle,market_cap_usd_b,avg_dollar_vol_m,main_risk,base_date,base_close,last_date,last_close,currency,fx_usdcad,fx_currency_to_cad,base_close_cad,last_close_cad,stop_cad,chg_per_share,usd_1k_now,usd_1k_spy_now,boom_score_old,rank_old,echo_mult,rank_tags,n_independent,n_accounts,n_copycats,n_story_posts,n_quote_or_reply_posts,prior_run_1m_excess_pct,crowded,outside_confirmation,polymarket,echo_score,rank_echo,upside_score,upside.bull_pct,upside.bull_src,upside.base_pct,upside.below_52w_high_pct,upside.to_target_pct,upside.n_analysts,upside.short_pct_float,upside.days_to_cover,upside.catalyst_date,upside.catalyst_label,upside.days_to_catalyst,upside.above_ma20,upside.rs10_pct,upside.late_call,upside.price_broken,upside.up_payoff,upside.up_room,upside.up_catalyst,upside.up_trend,upside.size_factor,upside.why_pop,upside.what_happen,upside.up_tags,source_grade,first_caller,status,filter_reason,rank_upside,rank_combined_v4,cap_tier,size_w,low_float,strip,sort_score,combined.combined_score,combined.confirmed_date,combined.confirmed_how,combined.stop,combined.stop_how,combined.risk_pct,combined.upside_est_pct,combined.upside_est_src,combined.up_risk_ratio,combined.analysts_used,combined.days_since_call
1,STLA,Stellantis,gain,Trump-named EV/auto trade,P11,EV-mandate repeal finalised; Q3 auto margins,GM/F Q3 reports late Oct 2026 (TBC),0.235,0.38,first_order,days,53.125,-3.1,1.1,-4.2,2026-09-27 12:27,@joinautopilot,16.86,102.1,,2026-09-28,4.62,2026-10-05,4.475,USD,1.4254399538040161,1.4254399538040161,6.585532586574555,6.378843793272972,6.293887572026253,-0.145,969.0,1011.0,0.235,55,1.21,"1.0 independent (1 acct, 0 copycats, 0 quote/reply posts) · early (-11% 1m before post) · AzazelNews",1.0,1,0,2,0,-11.37,False,tg,,0.284,54,0.4174,151.0,analyst high target (9 analysts),58.0,177.7,57.6,9.0,5.1,7.07,2026-10-28,earnings (Yahoo date),22.0,0.0,-7.0,0.0,0.0,0.181,0.928,1.0,0.0,0.61,"$17B company, directly exposed to Trump-named EV/auto trade; down 64% from its 52-week high (+178% to get back); analysts' average target +58%",EV-mandate repeal finalised; Q3 auto margins; first test: earnings (Yahoo date) 2026-10-28,,B,@joinautopilot,confirmed,,43,1,large,0.85,,,53.125,0.4519,2026-10-01,+8% on 2.2x volume,4.4154,below pre-call low,1.2,75.0,"½ back to 52-wk high (+178%, capped 100) + ½ analyst mean (+58%, capped 50)",62.5,1.0,5.0
2,LWLG,Lightwave Logic,gain,AI optics bottleneck,P01,Optics vendors guide up / confirm 2027 shortage,"LITE & COHR fiscal Q1 reports (early Nov 2026, dates TBC); FCC rule effective Oct 13",0.2,0.25,first_order,months,16.52,10.4,1.4,9.0,2026-09-30 08:01,@StonkValue,0.85,16.3,,2026-09-30,5.0,2026-10-05,5.52,USD,1.4254399538040161,1.4254399538040161,7.127199769020081,7.868428544998168,6.913383775949478,0.52,1104.0,1014.0,0.26,42,1.144,"8.6 independent (16 accts, 12 copycats, 3 quote/reply posts) · early (-5% 1m before post) · crowded (13 posts/7d)",8.6,16,12,16,3,-5.16,True,,,0.297,48,0.7429,75.0,analyst high target (1 analyst),75.0,228.2,75.4,1.0,16.9,10.57,2026-10-13,FCC component rule takes effect,7.0,1.0,0.7,0.0,0.0,0.508,1.0,1.0,0.785,2.03,"small cap ($0.8B), directly exposed to AI optics bottleneck; down 70% from its 52-week high (+228% to get back); analysts' average target +75%; 17% of float sold short, 10.6 days to cover (squeeze fuel); price turning up (above 20-day avg, +0.7% vs S&P in 10 days)",Optics vendors guide up / confirm 2027 shortage; first test: FCC component rule takes effect 2026-10-13,,B,@StonkValue,confirmed,,1,3,small,2.0,,,16.52,0.5868,2026-10-01,+9% on 1.5x volume,4.85,2x ATR(14),12.1,100.0,"back to 52-week high (+228%, capped 100); analyst targets ignored (under $1B with < 4 analysts)",8.26,0.0,3.0
3,CEG,Constellation Energy,gain,AI power,P04,New hyperscaler power deals / SMR milestones,Q3 reports Nov 2026 (TBC),0.375,0.31,first_order,months,15.19,-4.0,1.6,-5.6,2026-09-01 11:11,@drawandstrike,95.38,753.9,Large cap; regulatory pushback on behind-the-meter deals,2026-09-01,280.31,2026-10-05,269.2,USD,1.4254399538040161,1.4254399538040161,399.56507345080377,383.72843556404115,373.7101584807158,-11.11,960.0,1016.0,0.319,23,1.258,"6.6 independent (11 accts, 6 copycats, 3 quote/reply posts) · early (+2% 1m before post) · crowded (5 posts/7d) · AzazelNews",6.6,11,6,11,3,1.89,True,tg,,0.401,23,0.4924,53.0,analyst high target (20 analysts),33.0,60.3,32.6,20.0,3.7,4.57,2026-11-09,earnings (Yahoo date),34.0,1.0,2.7,0.0,0.0,0.144,0.583,1.0,0.885,0.31,"$95B company, directly exposed to AI power; down 38% from its 52-week high (+60% to get back); analysts' average target +33%; price turning up (above 20-day avg, +2.7% vs S&P in 10 days)",New hyperscaler power deals / SMR milestones; first test: earnings (Yahoo date) 2026-11-09,,B,@drawandstrike,confirmed,,27,2,large,0.85,,,15.1895,0.5053,2026-09-02,close above 20-day high,262.1718,below pre-call low,2.6,46.0,½ back to 52-wk high (+60%) + ½ analyst mean (+33%),17.87,1.0,23.0
4,AAOI,Applied Optoelectronics,gain,AI optics bottleneck,P01,Optics vendors guide up / confirm 2027 shortage,"LITE & COHR fiscal Q1 reports (early Nov 2026, dates TBC); FCC rule effective Oct 13",0.342,0.45,first_order,months,7.924,6.8,0.0,6.8,2026-09-21 09:49,@outliercapx,9.86,1082.1,History of lumpy single-customer revenue; heavy dilution risk; volatile,2026-09-21,108.67,2026-10-05,116.08,USD,1.4254399538040161,1.4254399538040161,154.90255977988244,165.46506983757018,144.8802914646864,7.41,1068.0,1000.0,0.393,9,1.144,"9.6 independent (20 accts, 16 copycats, 6 quote/reply posts) · early (-13% 1m before post) · crowded (13 posts/7d)",9.55,20,16,22,6,-12.97,True,,,0.45,13,0.6706,90.0,analyst high target (5 analysts),41.0,102.2,41.4,5.0,15.0,1.56,2026-10-13,FCC component rule takes effect,7.0,1.0,6.8,0.0,0.0,0.326,0.869,1.0,1.0,0.76,"$9.9B mid cap, directly exposed to AI optics bottleneck; down 51% from its 52-week high (+102% to get back); analysts' average target +41%; 15% of float sold short, 1.6 days to cover (squeeze fuel); price turning up (above 20-day avg, +6.8% vs S&P in 10 days)",Optics vendors guide up / confirm 2027 shortage; first test: FCC component rule takes effect 2026-10-13,,B,@outliercapx,confirmed,,5,6,mid,1.4,,,7.924,0.5775,2026-10-01,+8% on 1.6x volume,101.639,2x ATR(14),12.5,71.0,"½ back to 52-wk high (+102%, capped 100) + ½ analyst mean (+41%)",5.66,1.0,10.0
5,IQE.L,IQE plc,gain,AI optics bottleneck,P01,Optics vendors guide up / confirm 2027 shortage,"LITE & COHR fiscal Q1 reports (early Nov 2026, dates TBC); FCC rule effective Oct 13",0.201,0.44,second_order,years,6.28,18.8,0.0,18.8,2026-09-21 09:49,@outliercapx,0.95,10.5,Penny-priced UK small cap; past profit warnings; strategic review,2026-09-22,45.45,2026-10-05,54.0,GBp,1.4254399538040161,0.018835590886039456,0.8560776057704933,1.0171219078461307,0.9101056146680088,8.55,1188.0,1000.0,0.248,51,1.144,"8.1 independent (15 accts, 11 copycats, 3 quote/reply posts) · early (-1% 1m before post) · crowded (13 posts/7d)",8.1,15,11,15,3,-0.74,True,,,0.284,53,0.6118,19.0,analyst high target (3 analysts),9.0,33.0,8.9,3.0,,,2026-10-13,FCC component rule takes effect,7.0,1.0,22.7,0.0,0.0,0.488,0.344,1.0,1.0,1.94,"small cap ($0.9B), indirectly exposed to AI optics bottleneck; down 25% from its 52-week high (+33% to get back); price turning up (above 20-day avg, +22.7% vs S&P in 10 days)",Optics vendors guide up / confirm 2027 shortage; first test: FCC component rule takes effect 2026-10-13,,B,@outliercapx,confirmed,,10,10,small,2.0,,,6.28,0.503,2026-10-02,+11% on 2.9x volume,48.3184,2x ATR(14),10.5,33.0,back to 52-week high (+33%); analyst targets ignored (under $1B with < 4 analysts),3.14,0.0,9.0
6,FN,Fabrinet,gain,AI optics bottleneck,P01,Optics vendors guide up / confirm 2027 shortage,"LITE & COHR fiscal Q1 reports (early Nov 2026, dates TBC); FCC rule effective Oct 13",0.254,0.42,second_order,months,5.508,13.8,0.0,13.8,2026-09-21 09:49,@outliercapx,16.37,394.5,Contract manufacturer; margins capped by customers (NVDA),2026-09-21,401.57,2026-10-05,456.815,USD,1.4254399538040161,1.4254399538040161,572.4139222490787,651.1623524969816,594.8063010273814,55.245,1138.0,1000.0,0.241,54,1.144,"8.1 independent (15 accts, 11 copycats, 3 quote/reply posts) · early (-14% 1m before post) · crowded (13 posts/7d)",8.1,15,11,15,3,-13.56,True,,,0.276,55,0.5765,83.0,analyst high target (9 analysts),58.0,61.5,58.3,9.0,5.7,1.49,2026-10-13,FCC component rule takes effect,7.0,1.0,13.7,0.0,0.0,0.198,0.728,1.0,1.0,0.62,"$16B company, indirectly exposed to AI optics bottleneck; down 38% from its 52-week high (+62% to get back); analysts' average target +58%; price turning up (above 20-day avg, +13.7% vs S&P in 10 days)",Optics vendors guide up / confirm 2027 shortage; first test: FCC component rule takes effect 2026-10-13,,B,@outliercapx,confirmed,,13,4,large,0.85,,,5.508,0.4878,2026-10-01,close above 20-day high,417.2791,2x ATR(14),8.6,56.0,"½ back to 52-wk high (+62%) + ½ analyst mean (+58%, capped 50)",6.48,1.0,10.0
7,AXTI,AXT Inc,gain,AI optics bottleneck,P01,Optics vendors guide up / confirm 2027 shortage,"LITE & COHR fiscal Q1 reports (early Nov 2026, dates TBC); FCC rule effective Oct 13",0.17,0.22,second_order,years,3.206,6.8,0.0,6.8,2026-09-21 09:49,@outliercapx,5.59,849.1,China-based substrate fabs: export-control and FCC exposure cut both ways,2026-09-21,79.93,2026-10-05,85.34,USD,1.4254399538040161,1.4254399538040161,113.93541550755502,121.64704565763473,102.21216969548463,5.41,1068.0,1000.0,0.196,61,1.144,"8.9 independent (17 accts, 12 copycats, 4 quote/reply posts) · early (-4% 1m before post) · crowded (13 posts/7d)",8.9,17,12,18,4,-3.67,True,,,0.224,63,0.5335,46.0,analyst high target (5 analysts),7.0,66.7,6.7,5.0,14.0,0.98,2026-10-13,FCC component rule takes effect,7.0,1.0,6.7,0.0,0.0,0.203,0.547,1.0,1.0,0.96,"$5.6B mid cap, indirectly exposed to AI optics bottleneck; down 40% from its 52-week high (+67% to get back); 14% of float sold short, 1.0 days to cover (squeeze fuel); price turning up (above 20-day avg, +6.7% vs S&P in 10 days)",Optics vendors guide up / confirm 2027 shortage; first test: FCC component rule takes effect 2026-10-13,,B,@outliercapx,confirmed,,20,15,mid,1.4,,,3.206,0.4524,2026-10-02,close above 20-day high,71.7057,2x ATR(14),16.0,37.0,½ back to 52-wk high (+67%) + ½ analyst mean (+7%),2.29,1.0,10.0
8,3006.TW,Elite Semiconductor Memory Technology (ESMT),gain,AI memory supercycle,P02,DRAM/HBM contract prices keep rising; long-term capacity deals,"Samsung/SK hynix Q3 (late Oct 2026); MU FQ1 (mid-Dec 2026, TBC)",0.335,0.34,second_order,years,2.8,-9.6,1.5,-11.1,2026-09-08 11:37,@aleabitoreddit,2.53,112.2,Legacy DRAM designer; cycle-dependent; Taiwan small cap,2026-09-09,312.0,2026-10-05,282.0,TWD,1.4254399538040161,0.04493678877216434,14.020278096915273,12.672174433750342,11.72243540305065,-30.0,904.0,1015.0,0.385,10,0.94,"0.6 independent (2 accts, 0 copycats, 4 quote/reply posts) · ran +15% before post",0.6,2,0,4,4,15.49,False,,,0.362,33,0.3956,12.0,back to 52-week high,,11.7,,,,,2026-10-29,earnings (Yahoo date),23.0,0.0,-1.3,0.0,0.0,0.55,0.094,1.0,0.185,1.31,"$2.5B mid cap, indirectly exposed to AI memory supercycle",DRAM/HBM contract prices keep rising; long-term capacity deals; first test: earnings (Yahoo date) 2026-10-29,,D,@aleabitoreddit,confirmed,,50,17,mid,1.4,,,2.8,0.3555,2026-09-10,close above 20-day high,260.865,below pre-call low,7.5,15.0,back to 52-week high (+12%),2.0,1.0,16.0
9,TSEM,Tower Semiconductor,gain,AI optics bottleneck,P01,Optics vendors guide up / confirm 2027 shortage,"LITE & COHR fiscal Q1 reports (early Nov 2026, dates TBC); FCC rule effective Oct 13",0.251,0.42,second_order,years,2.516,4.9,0.0,4.9,2026-09-21 09:49,@outliercapx,27.72,458.2,Foundry; photonics is a slice of revenue,2026-09-21,233.82,2026-10-05,245.27,USD,1.4254399538040161,1.4254399538040161,333.296369998455,349.6176574695111,312.4159553791523,11.45,1049.0,1000.0,0.251,50,1.144,"8.1 independent (15 accts, 11 copycats, 3 quote/reply posts) · early (-0% 1m before post) · crowded (13 posts/7d)",8.1,15,11,15,3,-0.3,True,,,0.287,52,0.4895,47.0,analyst high target (10 analysts),30.0,32.8,29.9,10.0,2.4,2.05,2026-10-13,FCC component rule takes effect,7.0,1.0,4.9,0.0,0.0,0.158,0.458,1.0,0.995,0.5,"$28B company, indirectly exposed to AI optics bottleneck; down 25% from its 52-week high (+33% to get back); analysts' average target +30%; price turning up (above 20-day avg, +4.9% vs S&P in 10 days)",Optics vendors guide up / confirm 2027 shortage; first test: FCC component rule takes effect 2026-10-13,,B,@outliercapx,confirmed,,28,11,large,0.85,,,2.516,0.4158,2026-10-01,close above 20-day high,219.1716,2x ATR(14),10.6,31.0,½ back to 52-wk high (+33%) + ½ analyst mean (+30%),2.96,1.0,10.0
10,CRDO,Credo Technology,gain,AI optics bottleneck,P01,Optics vendors guide up / confirm 2027 shortage,"LITE & COHR fiscal Q1 reports (early Nov 2026, dates TBC); FCC rule effective Oct 13",0.311,0.54,first_order,years,2.414,12.6,0.0,12.6,2026-09-21 09:49,@outliercapx,39.62,1449.9,Already re-rated; customer concentration (hyperscalers),2026-09-21,187.27,2026-10-05,210.87,USD,1.4254399538040161,1.4254399538040161,266.94214014887814,300.5825230586529,263.9499991418481,23.6,1126.0,1000.0,0.295,31,1.144,"10.1 independent (17 accts, 11 copycats, 4 quote/reply posts) · early (-24% 1m before post) · crowded (13 posts/7d)",10.1,17,11,18,4,-24.14,True,,,0.338,37,0.5025,60.0,analyst high target (20 analysts),29.0,41.2,28.6,20.0,5.1,1.15,2026-10-13,FCC component rule takes effect,7.0,1.0,12.6,0.0,0.0,0.17,0.484,1.0,1.0,0.44,"$40B company, directly exposed to AI optics bottleneck; down 29% from its 52-week high (+41% to get back); analysts' average target +29%; price turning up (above 20-day avg, +12.6% vs S&P in 10 days)",Optics vendors guide up / confirm 2027 shortage; first test: FCC component rule takes effect 2026-10-13,,B,@outliercapx,confirmed,,26,12,large,0.85,,,2.414,0.4303,2026-10-02,close above 20-day high,185.1709,2x ATR(14),12.3,35.0,½ back to 52-wk high (+41%) + ½ analyst mean (+29%),2.84,1.0,10.0
11,COHR,Coherent,gain,AI optics bottleneck,P01,Optics vendors guide up / confirm 2027 shortage,"LITE & COHR fiscal Q1 reports (early Nov 2026, dates TBC); FCC rule effective Oct 13",0.348,0.35,first_order,years,1.904,3.9,0.0,3.9,2026-09-21 09:49,@outliercapx,65.45,2100.7,"Large, diversified; optics upside diluted by other segments",2026-09-21,321.52,2026-10-05,334.21,USD,1.4254399538040161,1.4254399538040161,458.30745394706724,476.3962869608402,420.20743959782124,12.69,1039.0,1000.0,0.296,30,1.04,"9.4 independent (18 accts, 13 copycats, 4 quote/reply posts) · ran +11% before post · crowded (13 posts/7d)",9.4,18,13,19,4,11.36,True,,,0.308,46,0.4563,48.0,analyst high target (23 analysts),22.0,30.5,22.4,23.0,6.1,1.66,2026-10-13,FCC component rule takes effect,7.0,1.0,3.9,0.0,0.0,0.155,0.408,1.0,0.945,0.36,"$65B company, directly exposed to AI optics bottleneck; down 23% from its 52-week high (+30% to get back); analysts' average target +22%; price turning up (above 20-day avg, +3.9% vs S&P in 10 days)",Optics vendors guide up / confirm 2027 shortage; first test: FCC component rule takes effect 2026-10-13,,C,@outliercapx,confirmed,,34,16,large,0.85,,,1.904,0.3888,2026-10-01,+11% on 1.8x volume,294.7914,2x ATR(14),11.8,26.0,½ back to 52-wk high (+30%) + ½ analyst mean (+22%),2.24,1.0,10.0
12,LITE,Lumentum,gain,AI optics bottleneck,P01,Optics vendors guide up / confirm 2027 shortage,"LITE & COHR fiscal Q1 reports (early Nov 2026, dates TBC); FCC rule effective Oct 13",0.455,0.51,first_order,months,1.088,14.7,0.0,14.7,2026-09-21 09:49,@outliercapx,98.18,5086.4,Already ~$97B and up big; supply-limited means it can't ship the demand; FCC rule may not hit transceivers,2026-09-21,954.49,2026-10-05,1095.1,USD,1.4254399538040161,1.4254399538040161,1360.5681815063954,1560.999293410778,1377.3799628655552,140.61,1147.0,1000.0,0.367,12,1.04,"9.9 independent (19 accts, 14 copycats, 4 quote/reply posts) · ran +13% before post · crowded (13 posts/7d)",9.9,19,14,20,4,13.44,True,,,0.382,27,0.424,29.0,analyst high target (26 analysts),7.0,0.6,6.6,26.0,7.9,1.58,2026-10-13,FCC component rule takes effect,7.0,1.0,14.7,0.0,0.0,0.173,0.202,1.0,1.0,0.3,"$98B company, directly exposed to AI optics bottleneck; price turning up (above 20-day avg, +14.7% vs S&P in 10 days)",Optics vendors guide up / confirm 2027 shortage; first test: FCC component rule takes effect 2026-10-13,,C,@outliercapx,confirmed,,41,18,large,0.85,,,1.088,0.353,2026-10-01,+8% on 1.6x volume,966.2841,2x ATR(14),11.7,15.0,½ back to 52-wk high (+1%) + ½ analyst mean (+7%),1.28,1.0,10.0
13,BE,Bloom Energy,gain,AI power,P04,New hyperscaler power deals / SMR milestones,Q3 reports Nov 2026 (TBC),0.392,0.49,first_order,years,0.901,4.1,1.0,3.1,2026-09-07 08:32,@Henderson014t,85.01,4515.0,Already up ~35% since post; valuation; competition from turbines,2026-09-08,277.22,2026-10-05,288.63,USD,1.4254399538040161,1.4254399538040161,395.1604639935494,411.42473386645315,353.01690412734746,11.41,1041.0,1010.0,0.333,20,1.248,"9.6 independent (15 accts, 8 copycats, 8 quote/reply posts) · ran +10% before post · crowded (5 posts/7d) · insider/politician buy",9.6,15,8,21,8,10.23,True,qq_buy,,0.416,19,0.4347,35.0,analyst high target (26 analysts),-2.0,21.5,-2.2,26.0,7.3,1.46,2026-10-27,earnings (Yahoo date),21.0,1.0,5.7,0.0,0.0,0.158,0.238,1.0,1.0,0.32,"$85B company, directly exposed to AI power; price turning up (above 20-day avg, +5.7% vs S&P in 10 days)",New hyperscaler power deals / SMR milestones; first test: earnings (Yahoo date) 2026-10-27,,B,@Henderson014t,confirmed,,36,19,large,0.85,,,0.901,0.522,2026-09-25,close above 20-day high,247.6547,2x ATR(14),14.2,15.0,½ back to 52-wk high (+22%) + ½ analyst mean (-2%),1.06,1.0,19.0
14,CRML,Critical Metals Corp,gain,Govt stakes in rare earths,P06,More US government equity stakes; CRML Tanbreez news,rolling; 90-day window to ~Dec 29 2026,0.358,0.45,first_order,days,1.253,-6.5,0.8,-7.3,2026-09-22 22:47,@Barchart,1.06,56.5,Pre-production Greenland project; financing and permitting; volatile,2026-09-23,7.72,2026-10-05,7.2217,USD,1.4254399538040161,1.4254399538040161,11.004396443367003,10.294099714386464,8.551784458851813,-0.4983,935.0,1008.0,0.465,5,1.3,"3.6 independent (6 accts, 2 copycats, 2 quote/reply posts) · ran +19% before post · Polymarket 8.5%",3.6,6,2,6,2,19.11,False,,8.5% US stake in FCX by Dec 31,0.605,4,0.7173,156.0,analyst high target (2 analysts),85.0,357.3,84.9,2.0,35.7,3.42,2026-10-22,European Lithium scheme meetings and vote (verified Grok source),16.0,0.0,-22.6,0.0,0.0,0.832,1.0,1.0,0.0,1.86,"small cap ($1.1B), directly exposed to Govt stakes in rare earths; down 78% from its 52-week high (+357% to get back); analysts' average target +85%; 36% of float sold short, 3.4 days to cover (squeeze fuel)",More US government equity stakes; CRML Tanbreez news; first test: European Lithium scheme meetings and vote (verified Grok source) 2026-10-22,,C,@Barchart,waiting,,3,21,small,2.0,,,1.253,0.6265,,,5.9994,below pre-call low,16.9,75.0,"½ back to 52-wk high (+357%, capped 100) + ½ analyst mean (+85%, capped 50)",4.44,1.0,8.0
15,SIVE.ST,Sivers Semiconductors,gain,AI optics bottleneck,P01,Optics vendors guide up / confirm 2027 shortage,"LITE & COHR fiscal Q1 reports (early Nov 2026, dates TBC); FCC rule effective Oct 13",0.26,0.37,second_order,years,1.249,-3.6,0.0,-3.6,2026-09-21 09:49,@outliercapx,1.09,25.9,"Small, loss-making Swedish photonics name; thin liquidity in US hours",2026-09-22,35.78,2026-10-05,34.5,SEK,1.4254399538040161,0.14175836734432945,5.072114383580108,4.8906636733793665,4.185118103269904,-1.28,964.0,1000.0,0.338,18,1.144,"8.1 independent (16 accts, 13 copycats, 4 quote/reply posts) · early (-7% 1m before post) · crowded (13 posts/7d)",8.1,16,13,18,4,-7.32,True,,,0.387,25,0.7353,231.0,back to 52-week high,,230.5,,3.0,,,2026-10-13,FCC component rule takes effect,7.0,1.0,0.9,0.0,0.0,0.598,0.8,1.0,0.795,1.84,"small cap ($1.1B), indirectly exposed to AI optics bottleneck; down 70% from its 52-week high (+230% to get back); price turning up (above 20-day avg, +0.9% vs S&P in 10 days)",Optics vendors guide up / confirm 2027 shortage; first test: FCC component rule takes effect 2026-10-13,analyst data stale (ignored),B,@outliercapx,waiting,,2,22,small,2.0,,,1.2492,0.6246,,,29.5229,2x ATR(14),14.4,100.0,"back to 52-week high (+230%, capped 100); analyst targets ignored (stale)",6.94,0.0,9.0
16,AMPX,Amprius Technologies,gain,US defense build-up,P10,FY27 defense appropriations pass near $1.5T; new munitions awards,Oct-Dec 2026 appropriations,0.2,0.25,first_order,months,1.173,0.0,0.0,0.0,2026-10-02 20:23,@SentinelFlash,1.39,53.5,,2026-10-05,9.49,2026-10-05,9.49,USD,1.4254399538040161,1.4254399538040161,13.527425161600114,13.527425161600114,13.159234021532535,0.0,1000.0,1000.0,0.26,45,1.258,"4.5 independent (6 accts, 3 copycats, 0 quote/reply posts) · early (+1% 1m before post) · crowded (5 posts/7d) · AzazelNews",4.5,6,3,7,0,0.99,True,tg,,0.327,39,0.592,210.0,analyst high target (9 analysts),138.0,150.5,137.8,9.0,15.8,5.13,2026-11-05,earnings (Yahoo date),30.0,0.0,-1.3,0.0,0.0,0.417,1.0,1.0,0.185,1.67,"small cap ($1.4B), directly exposed to US defense build-up; down 60% from its 52-week high (+150% to get back); analysts' average target +138%; 16% of float sold short, 5.1 days to cover (squeeze fuel)",FY27 defense appropriations pass near $1.5T; new munitions awards; first test: earnings (Yahoo date) 2026-11-05,,A,@SentinelFlash,waiting,,12,23,small,2.0,,,1.1732,0.5866,,,9.2317,below pre-call low,2.7,75.0,"½ back to 52-wk high (+150%, capped 100) + ½ analyst mean (+138%, capped 50)",27.78,1.0,0.0
17,POET,POET Technologies,gain,FCC optical-transceiver restrictions,E01,FCC restricts Chinese 3.2T modules,FCC component rule effective Oct 13 2026,0.2,0.25,first_order,months,1.099,1.6,1.3,0.3,2026-10-01 10:58,@zzzzzzzzzzten,1.34,80.2,,2026-10-01,7.64,2026-10-05,7.76,USD,1.4254399538040161,1.4254399538040161,10.890361247062682,11.061414041519164,10.329878257226945,0.12,1016.0,1013.0,0.26,41,1.144,"4.0 independent (7 accts, 6 copycats, 0 quote/reply posts) · early (+1% 1m before post) · crowded (6 posts/7d)",4.0,7,6,7,0,0.84,True,,,0.297,47,0.6469,89.0,analyst high target (1 analyst),89.0,167.1,89.3,1.0,13.2,2.74,2026-10-13,FCC component rule takes effect,7.0,1.0,-7.8,0.0,0.0,0.423,1.0,1.0,0.5,1.69,"small cap ($1.3B), directly exposed to FCC optical-transceiver restrictions; down 63% from its 52-week high (+167% to get back); analysts' average target +89%; 13% of float sold short, 2.7 days to cover (squeeze fuel)",FCC restricts Chinese 3.2T modules; first test: FCC component rule takes effect 2026-10-13,,B,@zzzzzzzzzzten,waiting,,6,24,small,2.0,,,1.0992,0.5496,,,7.2468,below pre-call low,6.6,75.0,"½ back to 52-wk high (+167%, capped 100) + ½ analyst mean (+89%, capped 50)",11.36,1.0,2.0
18,NNE,NANO Nuclear Energy,gain,AI power,P04,New hyperscaler power deals / SMR milestones,Q3 reports Nov 2026 (TBC),0.2,0.25,first_order,months,1.09,0.0,0.0,0.0,2026-10-02 16:45,@USCorpFilings,0.84,30.3,,2026-10-05,15.6839,2026-10-05,15.6839,USD,1.4254399538040161,1.4254399538040161,22.356457691466808,22.356457691466808,21.901599802207947,0.0,1000.0,1000.0,0.26,46,1.258,"6.7 independent (9 accts, 4 copycats, 1 quote/reply posts) · early (-12% 1m before post) · crowded (5 posts/7d) · AzazelNews",6.65,9,4,9,1,-11.79,True,tg,,0.327,40,0.5455,220.0,analyst high target (7 analysts),141.0,289.7,140.5,7.0,34.9,9.76,2026-12-17,earnings (Yahoo date),72.0,0.0,-8.3,0.0,0.0,0.51,1.0,0.5,0.0,2.04,"small cap ($0.8B), directly exposed to AI power; down 74% from its 52-week high (+290% to get back); analysts' average target +141%; 35% of float sold short, 9.8 days to cover (squeeze fuel)",New hyperscaler power deals / SMR milestones; first test: earnings (Yahoo date) 2026-12-17,,A,@USCorpFilings,waiting,,16,25,small,2.0,,,1.0898,0.5449,,,15.3648,below pre-call low,2.0,75.0,"½ back to 52-wk high (+290%, capped 100) + ½ analyst mean (+140%, capped 50)",37.5,1.0,0.0
19,UAMY,United States Antimony,gain,Govt stakes in rare earths,P06,More US government equity stakes; CRML Tanbreez news,rolling; 90-day window to ~Dec 29 2026,0.2,0.25,first_order,months,1.084,0.0,0.0,0.0,2026-10-02 20:20,@_sabsyxo,0.58,23.7,,2026-10-05,3.895,2026-10-05,3.895,USD,1.4254399538040161,1.4254399538040161,5.552088620066643,5.552088620066643,4.918765648591518,0.0,1000.0,1000.0,0.26,43,1.43,"3.6 independent (6 accts, 2 copycats, 2 quote/reply posts) · early (-25% 1m before post) · Polymarket 8.5%",3.6,6,2,6,2,-25.16,False,,8.5% US stake in FCX by Dec 31,0.372,29,0.6225,238.0,analyst high target (4 analysts),162.0,394.0,161.6,4.0,23.3,5.2,2026-11-16,earnings (Yahoo date),41.0,0.0,-20.7,0.0,0.0,0.592,1.0,1.0,0.0,2.37,"small cap ($0.6B), directly exposed to Govt stakes in rare earths; down 80% from its 52-week high (+394% to get back); analysts' average target +162%; 23% of float sold short, 5.2 days to cover (squeeze fuel)",More US government equity stakes; CRML Tanbreez news; first test: earnings (Yahoo date) 2026-11-16,,B,@_sabsyxo,waiting,,9,27,small,2.0,,,1.0844,0.5422,,,3.4507,2x ATR(14),11.4,75.0,"½ back to 52-wk high (+394%, capped 100) + ½ analyst mean (+162%, capped 50)",6.58,1.0,0.0
20,OLN,Olin Corporation,gain,US defense build-up,P10,FY27 defense appropriations pass near $1.5T; new munitions awards,Oct-Dec 2026 appropriations,0.316,0.51,first_order,days,1.064,-0.5,0.8,-1.3,2026-09-24 14:05,@joinautopilot,1.84,48.5,Chemicals cycle dominates; ammo is one segment,2026-09-24,16.26,2026-10-05,16.185,USD,1.4254399538040161,1.4254399538040161,23.177653648853305,23.070745652318,21.51288232680559,-0.075,995.0,1008.0,0.411,8,1.144,"4.0 independent (5 accts, 2 copycats, 0 quote/reply posts) · early (-5% 1m before post) · crowded (5 posts/7d)",4.0,5,2,6,0,-5.12,True,,,0.47,12,0.593,89.0,analyst high target (15 analysts),30.0,91.6,30.4,15.0,13.1,4.85,2026-10-29,earnings (Yahoo date),23.0,0.0,-2.2,0.0,0.0,0.589,0.776,1.0,0.14,1.49,"small cap ($1.8B), directly exposed to US defense build-up; down 48% from its 52-week high (+92% to get back); analysts' average target +30%; 13% of float sold short, 4.8 days to cover (squeeze fuel)",FY27 defense appropriations pass near $1.5T; new munitions awards; first test: earnings (Yahoo date) 2026-10-29,,B,@joinautopilot,waiting,,11,29,small,2.0,,,1.0644,0.5322,,,15.0921,2x ATR(14),6.8,61.0,½ back to 52-wk high (+92%) + ½ analyst mean (+30%),8.97,1.0,7.0
21,TMQ,Trilogy Metals,gain,Govt stakes in rare earths,P06,More US government equity stakes; CRML Tanbreez news,rolling; 90-day window to ~Dec 29 2026,0.248,0.4,first_order,days,1.03,-2.1,1.4,-3.5,2026-09-30 10:42,@joinautopilot,0.55,4.0,Development-stage Alaska project; permitting,2026-09-30,3.1,2026-10-05,3.035,USD,1.4254399538040161,1.4254399538040161,4.41886385679245,4.3262102597951895,4.304115940511227,-0.065,979.0,1014.0,0.29,33,1.43,"3.6 independent (6 accts, 2 copycats, 2 quote/reply posts) · early (-14% 1m before post) · Polymarket 8.5%",3.6,6,2,6,2,-13.7,False,,8.5% US stake in FCX by Dec 31,0.415,20,0.6437,218.0,analyst high target (3 analysts),111.0,265.4,110.5,3.0,6.3,6.06,2026-12-29,end of 90-day government-stake window,84.0,0.0,-9.2,0.0,0.0,0.75,1.0,0.5,0.0,2.42,"small cap ($0.6B), directly exposed to Govt stakes in rare earths; down 73% from its 52-week high (+265% to get back); analysts' average target +111%",More US government equity stakes; CRML Tanbreez news; first test: end of 90-day government-stake window 2026-12-29,,B,@joinautopilot,waiting,,7,30,small,2.0,,,1.0302,0.5151,,,3.0195,below pre-call low,0.5,100.0,"back to 52-week high (+265%, capped 100); analyst targets ignored (under $1B with < 4 analysts)",200.0,0.0,3.0
22,ASPI,ASP Isotopes,gain,AI power,P04,New hyperscaler power deals / SMR milestones,Q3 reports Nov 2026 (TBC),0.2,0.25,first_order,months,1.03,0.0,0.0,0.0,2026-10-02 16:53,@GDXTrader,0.45,11.7,,2026-10-05,2.955,2026-10-05,2.955,USD,1.4254399538040161,1.4254399538040161,4.212175063490868,4.212175063490868,3.5879749077200893,0.0,1000.0,1000.0,0.26,47,1.144,"6.7 independent (9 accts, 4 copycats, 1 quote/reply posts) · early (-27% 1m before post) · crowded (5 posts/7d)",6.65,9,4,9,1,-26.54,True,,,0.297,50,0.6376,415.0,analyst high target (3 analysts),347.0,397.9,346.7,3.0,18.6,7.22,2026-11-12,earnings (Yahoo date),37.0,0.0,-7.1,0.0,0.0,0.625,1.0,1.0,0.0,2.5,"small cap ($0.5B), directly exposed to AI power; down 80% from its 52-week high (+398% to get back); analysts' average target +347%; 19% of float sold short, 7.2 days to cover (squeeze fuel)",New hyperscaler power deals / SMR milestones; first test: earnings (Yahoo date) 2026-11-12,,B,@GDXTrader,waiting,,8,31,small,2.0,,,1.0302,0.5151,,,2.5171,2x ATR(14),14.8,100.0,"back to 52-week high (+398%, capped 100); analyst targets ignored (under $1B with < 4 analysts)",6.76,0.0,0.0
23,RCAT,Red Cat Holdings,gain,US defense build-up,P10,FY27 defense appropriations pass near $1.5T; new munitions awards,Oct-Dec 2026 appropriations,0.2,0.25,first_order,months,0.994,0.0,0.0,0.0,2026-10-02 16:25,@Sebastian2qls,0.98,53.8,,2026-10-05,6.395,2026-10-05,6.395,USD,1.4254399538040161,1.4254399538040161,9.115688504576683,9.115688504576683,8.848133425247669,0.0,1000.0,1000.0,0.26,44,1.144,"4.0 independent (5 accts, 2 copycats, 0 quote/reply posts) · early (-24% 1m before post) · crowded (5 posts/7d)",4.0,5,2,6,0,-23.66,True,,,0.297,49,0.5716,291.0,analyst high target (8 analysts),158.0,193.4,157.8,8.0,26.7,5.91,2026-11-05,earnings (Yahoo date),30.0,0.0,-8.0,0.0,0.0,0.48,1.0,1.0,0.0,1.92,"small cap ($1.0B), directly exposed to US defense build-up; down 66% from its 52-week high (+193% to get back); analysts' average target +158%; 27% of float sold short, 5.9 days to cover (squeeze fuel)",FY27 defense appropriations pass near $1.5T; new munitions awards; first test: earnings (Yahoo date) 2026-11-05,,B,@Sebastian2qls,waiting,,14,32,small,2.0,,,0.9938,0.4969,,,6.2073,below pre-call low,2.9,75.0,"½ back to 52-wk high (+193%, capped 100) + ½ analyst mean (+158%, capped 50)",25.86,1.0,0.0
24,LAC,Lithium Americas,gain,Govt stakes in rare earths,P06,More US government equity stakes; CRML Tanbreez news,rolling; 90-day window to ~Dec 29 2026,0.186,0.37,first_order,days,0.974,-2.5,1.4,-3.9,2026-09-30 10:42,@joinautopilot,0.93,24.8,Development-stage lithium; financing,2026-09-30,2.63,2026-10-05,2.565,USD,1.4254399538040161,1.4254399538040161,3.7489070785045624,3.656253481507301,3.3084461327791215,-0.065,975.0,1014.0,0.242,53,1.43,"3.6 independent (6 accts, 2 copycats, 2 quote/reply posts) · early (-14% 1m before post) · Polymarket 8.5%",3.6,6,2,6,2,-13.66,False,,8.5% US stake in FCX by Dec 31,0.346,36,0.5606,292.0,analyst high target (9 analysts),120.0,312.5,120.0,9.0,9.7,3.57,2026-11-13,earnings (Yahoo date),38.0,0.0,-13.4,0.0,0.0,0.456,1.0,1.0,0.0,1.96,"small cap ($0.9B), directly exposed to Govt stakes in rare earths; down 76% from its 52-week high (+312% to get back); analysts' average target +120%",More US government equity stakes; CRML Tanbreez news; first test: earnings (Yahoo date) 2026-11-13,,B,@joinautopilot,waiting,,15,33,small,2.0,,,0.9744,0.4872,,,2.321,2x ATR(14),9.5,75.0,"½ back to 52-wk high (+312%, capped 100) + ½ analyst mean (+120%, capped 50)",7.89,1.0,3.0
25,NVTS,Navitas Semiconductor,gain,US defense build-up,P10,FY27 defense appropriations pass near $1.5T; new munitions awards,Oct-Dec 2026 appropriations,0.332,0.38,first_order,months,0.938,3.8,1.2,2.6,2026-09-28 16:21,@wallstengine,3.2,171.7,"Small, loss-making; Army program is development, not volume",2026-09-29,11.73,2026-10-05,12.175,USD,1.4254399538040161,1.4254399538040161,16.72041065812111,17.354731437563895,15.13118765362501,0.445,1038.0,1012.0,0.382,11,1.258,"5.3 independent (8 accts, 4 copycats, 1 quote/reply posts) · early (-6% 1m before post) · crowded (5 posts/7d) · AzazelNews",5.3,8,4,9,1,-5.52,True,tg,,0.48,8,0.6732,69.0,analyst high target (8 analysts),14.0,175.6,13.5,8.0,17.3,3.45,2026-11-02,earnings (Yahoo date),27.0,1.0,0.1,0.0,0.0,0.496,0.717,1.0,0.755,1.2,"$3.2B mid cap, directly exposed to US defense build-up; down 64% from its 52-week high (+176% to get back); 17% of float sold short, 3.5 days to cover (squeeze fuel); price turning up (above 20-day avg, +0.1% vs S&P in 10 days)",FY27 defense appropriations pass near $1.5T; new munitions awards; first test: earnings (Yahoo date) 2026-11-02,,A,@wallstengine,waiting,,4,20,mid,1.4,,,0.9376,0.6697,,,10.6151,2x ATR(14),12.8,57.0,"½ back to 52-wk high (+176%, capped 100) + ½ analyst mean (+14%)",4.43,1.0,4.0
26,USAR,USA Rare Earth,gain,Govt stakes in rare earths,P06,More US government equity stakes; CRML Tanbreez news,rolling; 90-day window to ~Dec 29 2026,0.309,0.43,first_order,days,0.762,-4.0,1.4,-5.4,2026-09-30 10:42,@joinautopilot,5.07,164.9,Pre-revenue magnet maker; already fell 20% since post,2026-09-30,14.08,2026-10-05,13.5201,USD,1.4254399538040161,1.4254399538040161,20.070194549560547,19.272090719425677,16.93736261909008,-0.5599,960.0,1014.0,0.355,14,1.573,"3.6 independent (6 accts, 2 copycats, 2 quote/reply posts) · early (-21% 1m before post) · AzazelNews · Polymarket 8.5%",3.6,6,2,6,2,-21.09,False,tg,8.5% US stake in FCX by Dec 31,0.559,5,0.5385,231.0,analyst high target (9 analysts),162.0,223.6,161.6,9.0,10.4,3.06,2026-11-05,earnings (Yahoo date),30.0,0.0,-19.5,0.0,0.0,0.384,1.0,1.0,0.0,0.99,"$5.1B mid cap, directly exposed to Govt stakes in rare earths; down 69% from its 52-week high (+224% to get back); analysts' average target +162%; 10% of float sold short, 3.1 days to cover (squeeze fuel)",More US government equity stakes; CRML Tanbreez news; first test: earnings (Yahoo date) 2026-11-05,,A,@joinautopilot,waiting,,18,26,mid,1.4,only 44% of shares float,,0.7623,0.5445,,,11.8822,2x ATR(14),12.1,75.0,"½ back to 52-wk high (+224%, capped 100) + ½ analyst mean (+162%, capped 50)",6.2,1.0,3.0
27,MP,MP Materials,gain,Govt stakes in rare earths,P06,More US government equity stakes; CRML Tanbreez news,rolling; 90-day window to ~Dec 29 2026,0.234,0.48,first_order,days,0.678,-0.5,1.4,-1.9,2026-09-30 10:42,@joinautopilot,8.38,276.8,Rare-earth prices; China retaliation,2026-09-30,47.29,2026-10-05,47.05,USD,1.4254399538040161,1.4254399538040161,67.40905541539192,67.06694982647896,63.15340443331003,-0.24,995.0,1014.0,0.269,39,1.573,"3.6 independent (6 accts, 2 copycats, 2 quote/reply posts) · early (-18% 1m before post) · AzazelNews · Polymarket 8.5%",3.6,6,2,6,2,-18.39,False,tg,8.5% US stake in FCX by Dec 31,0.423,18,0.4708,113.0,analyst high target (17 analysts),56.0,113.4,56.3,17.0,20.5,6.43,2026-11-05,earnings (Yahoo date),30.0,0.0,-5.9,0.0,0.0,0.238,1.0,1.0,0.0,0.81,"$8.4B mid cap, directly exposed to Govt stakes in rare earths; down 53% from its 52-week high (+113% to get back); analysts' average target +56%; 20% of float sold short, 6.4 days to cover (squeeze fuel)",More US government equity stakes; CRML Tanbreez news; first test: earnings (Yahoo date) 2026-11-05,,A,@joinautopilot,waiting,,33,34,mid,1.4,,,0.678,0.4843,,,44.3045,below pre-call low,5.8,75.0,"½ back to 52-wk high (+113%, capped 100) + ½ analyst mean (+56%, capped 50)",12.93,1.0,3.0
28,KTOS,Kratos Defense,gain,US defense build-up,P10,FY27 defense appropriations pass near $1.5T; new munitions awards,Oct-Dec 2026 appropriations,0.361,0.27,first_order,months,0.636,0.0,0.0,0.0,2026-10-02 16:25,@Sebastian2qls,7.98,161.4,Lumpy contracts; budget timing (shutdown risk),2026-10-05,42.5199,2026-10-05,42.5199,USD,1.4254399538040161,1.4254399538040161,60.60956429175138,60.60956429175138,59.02989173494578,0.0,1000.0,1000.0,0.415,7,1.144,"4.0 independent (5 accts, 2 copycats, 0 quote/reply posts) · early (-10% 1m before post) · crowded (5 posts/7d)",4.0,5,2,6,0,-10.44,True,,,0.475,9,0.5236,248.0,analyst high target (21 analysts),137.0,211.1,137.3,21.0,6.2,3.12,2026-11-03,earnings (Yahoo date),28.0,0.0,-12.5,0.0,0.0,0.374,1.0,1.0,0.0,0.83,"$8.0B mid cap, directly exposed to US defense build-up; down 68% from its 52-week high (+211% to get back); analysts' average target +137%",FY27 defense appropriations pass near $1.5T; new munitions awards; first test: earnings (Yahoo date) 2026-11-03,,B,@Sebastian2qls,waiting,,22,35,mid,1.4,,,0.6357,0.4541,,,41.4117,below pre-call low,2.4,75.0,"½ back to 52-wk high (+211%, capped 100) + ½ analyst mean (+137%, capped 50)",31.25,1.0,0.0
29,QBTS,D-Wave Quantum,gain,Quantum computing,E05,More government stakes / contracts,rolling,0.316,0.54,first_order,days,0.633,-11.4,1.0,-12.4,2026-09-08 09:45,@joinautopilot,5.94,263.6,Pre-revenue; already priced,2026-09-08,17.67,2026-10-05,15.66,USD,1.4254399538040161,1.4254399538040161,25.187523983716968,22.322389676570893,19.480632584667205,-2.01,886.0,1010.0,0.363,13,1.347,"2.5 independent (3 accts, 1 copycat, 0 quote/reply posts) · early (-15% 1m before post) · Polymarket 12%",2.5,3,1,4,0,-14.77,False,,12% US stake in IonQ by Dec 31,0.49,7,0.5211,173.0,analyst high target (16 analysts),120.0,196.4,119.7,16.0,20.3,4.44,2026-11-05,earnings (Yahoo date),30.0,0.0,-11.5,0.0,0.0,0.369,1.0,1.0,0.0,0.93,"$5.9B mid cap, directly exposed to Quantum computing; down 66% from its 52-week high (+196% to get back); analysts' average target +120%; 20% of float sold short, 4.4 days to cover (squeeze fuel)",More government stakes / contracts; first test: earnings (Yahoo date) 2026-11-05,,B,@joinautopilot,waiting,,23,36,mid,1.4,,,0.6329,0.4521,,,13.6664,2x ATR(14),12.8,75.0,"½ back to 52-wk high (+196%, capped 100) + ½ analyst mean (+120%, capped 50)",5.86,1.0,19.0
30,RGTI,Rigetti Computing,gain,Quantum computing,E05,More government stakes / contracts,rolling,0.287,0.59,first_order,days,0.626,-4.1,1.0,-5.1,2026-09-08 09:45,@joinautopilot,5.06,282.6,Pre-revenue; government stake already priced (Jev priced-in high),2026-09-08,15.81,2026-10-05,15.165,USD,1.4254399538040161,1.4254399538040161,22.536205669641497,21.616796899437905,20.596181892514227,-0.645,959.0,1010.0,0.33,21,1.347,"2.5 independent (3 accts, 1 copycat, 0 quote/reply posts) · early (-8% 1m before post) · Polymarket 12%",2.5,3,1,4,0,-8.26,False,,12% US stake in IonQ by Dec 31,0.445,14,0.5158,162.0,analyst high target (12 analysts),87.0,281.3,87.0,12.0,18.8,3.83,2026-11-10,earnings (Yahoo date),35.0,0.0,-8.3,0.0,0.0,0.357,1.0,1.0,0.0,1.0,"$5.1B mid cap, directly exposed to Quantum computing; down 74% from its 52-week high (+281% to get back); analysts' average target +87%; 19% of float sold short, 3.8 days to cover (squeeze fuel)",More government stakes / contracts; first test: earnings (Yahoo date) 2026-11-10,,B,@joinautopilot,waiting,,24,37,mid,1.4,,,0.6261,0.4472,,,14.449,below pre-call low,4.8,75.0,"½ back to 52-wk high (+281%, capped 100) + ½ analyst mean (+87%, capped 50)",15.62,1.0,19.0
31,ERO,Ero Copper,gain,Copper supercycle,P08,"Copper deficit/price records (UBS $15,500/t in 2027)",LME copper; Sec. 232 copper-cable tariff decision (Polymarket 30% by Dec 31),0.245,0.58,second_order,months,0.609,10.7,0.0,10.7,2026-09-20 19:39,@grok,4.01,50.4,Brazil operations; already up ~9%,2026-09-21,34.7,2026-10-05,38.4,USD,1.4254399538040161,1.4254399538040161,49.46276639699936,54.73689422607422,49.655200790762905,3.7,1107.0,1000.0,0.268,40,1.43,"3.0 independent (7 accts, 3 copycats, 4 quote/reply posts) · early (+1% 1m before post) · Polymarket 30%",3.05,7,3,7,4,1.22,False,,30% copper-cable Sec. 232 tariff by Dec 31,0.383,26,0.5143,16.0,analyst high target (3 analysts),7.0,7.7,7.4,3.0,,3.69,2026-11-02,earnings (Yahoo date),27.0,1.0,10.6,0.0,0.0,0.335,0.235,1.0,1.0,1.09,"$4.0B mid cap, indirectly exposed to Copper supercycle; price turning up (above 20-day avg, +10.6% vs S&P in 10 days)","Copper deficit/price records (UBS $15,500/t in 2027); first test: earnings (Yahoo date) 2026-11-02",,B,@grok,waiting,,25,38,mid,1.4,,,0.6089,0.4349,,,34.835,2x ATR(14),9.3,15.0,½ back to 52-wk high (+8%) + ½ analyst mean (+7%),1.61,1.0,10.0
32,INFQ,Infleqtion,gain,Quantum computing,E05,More government stakes / contracts,rolling,0.3,0.58,first_order,days,0.601,-7.4,1.0,-8.4,2026-09-08 09:45,@joinautopilot,2.85,113.8,Newly listed; already priced,2026-09-08,13.66,2026-10-05,12.655,USD,1.4254399538040161,1.4254399538040161,19.47150976896286,18.03894261538982,17.216463762044906,-1.005,926.0,1010.0,0.345,17,1.075,"1.5 independent (2 accts, 1 copycat, 0 quote/reply posts) · ran +15% before post · Polymarket 12%",1.5,2,1,3,0,15.45,False,,12% US stake in IonQ by Dec 31,0.371,30,0.4889,90.0,analyst high target (6 analysts),66.0,61.8,66.0,6.0,,2.52,2026-11-12,earnings (Yahoo date),37.0,0.0,-9.4,0.0,0.0,0.47,0.771,1.0,0.0,1.25,"$2.9B mid cap, directly exposed to Quantum computing; down 38% from its 52-week high (+62% to get back); analysts' average target +66%",More government stakes / contracts; first test: earnings (Yahoo date) 2026-11-12,,D,@joinautopilot,waiting,,30,39,mid,1.4,,,0.6005,0.4289,,,12.078,below pre-call low,4.5,56.0,"½ back to 52-wk high (+62%) + ½ analyst mean (+66%, capped 50)",12.42,1.0,19.0
33,CS.TO,Capstone Copper,gain,Copper supercycle,P08,"Copper deficit/price records (UBS $15,500/t in 2027)",LME copper; Sec. 232 copper-cable tariff decision (Polymarket 30% by Dec 31),0.264,0.44,second_order,years,0.569,-0.9,0.0,-0.9,2026-09-20 19:39,@grok,7.79,31.8,Mid-cap; Chile operations,2026-09-21,14.68,2026-10-05,14.545,CAD,1.4254399538040161,1.0,14.68,14.545,13.4029,-0.135,991.0,1000.0,0.304,25,1.43,"3.0 independent (7 accts, 3 copycats, 4 quote/reply posts) · early (-4% 1m before post) · Polymarket 30%",3.05,7,3,7,4,-3.71,False,,30% copper-cable Sec. 232 tariff by Dec 31,0.434,16,0.484,52.0,analyst high target (18 analysts),26.0,25.0,26.0,18.0,,5.55,2026-10-29,earnings (Yahoo date),23.0,1.0,-0.9,0.0,0.0,0.276,0.455,1.0,0.705,0.84,"$7.8B mid cap, indirectly exposed to Copper supercycle; down 20% from its 52-week high (+25% to get back); analysts' average target +26%","Copper deficit/price records (UBS $15,500/t in 2027); first test: earnings (Yahoo date) 2026-10-29",,B,@grok,waiting,,31,41,mid,1.4,,,0.5687,0.4062,,,13.4029,2x ATR(14),7.8,26.0,½ back to 52-wk high (+25%) + ½ analyst mean (+26%),3.27,1.0,10.0
34,SCR.TO,Strathcona Resources,gain,Canadian oil sands + BC oil pipeline,P07,BC oil pipeline proponent/approval; WCS discount narrows,rolling; Q3 reports early Nov 2026,0.286,0.37,second_order,years,0.495,0.8,0.0,0.8,2026-09-22 15:48,@BubleQe,5.99,12.5,Heavy oil price/WCS discount; pipeline not yet approved,2026-09-22,39.5,2026-10-05,39.835,CAD,1.4254399538040161,1.0,39.5,39.835,36.9,0.335,1008.0,1000.0,0.329,22,1.43,"3.0 independent (4 accts, 2 copycats, 2 quote/reply posts) · early (-10% 1m before post)",3.0,4,2,7,2,-10.3,False,,,0.47,11,0.3925,60.0,analyst high target (10 analysts),28.0,31.3,27.7,10.0,,2.99,2026-11-04,earnings (Yahoo date),29.0,0.0,-2.1,0.0,0.0,0.333,0.44,1.0,0.145,0.93,"$6.0B mid cap, indirectly exposed to Canadian oil sands + BC oil pipeline; down 24% from its 52-week high (+31% to get back); analysts' average target +28%",BC oil pipeline proponent/approval; WCS discount narrows; first test: earnings (Yahoo date) 2026-11-04,,B,@BubleQe,waiting,,51,47,mid,1.4,only 36% of shares float,,0.4952,0.3537,,,36.9,2x ATR(14),7.4,30.0,½ back to 52-wk high (+31%) + ½ analyst mean (+28%),3.99,1.0,9.0
35,VST,Vistra,gain,AI power,P04,New hyperscaler power deals / SMR milestones,Q3 reports Nov 2026 (TBC),0.353,0.4,first_order,months,0.457,3.9,0.0,3.9,2026-09-21 12:36,@optionscjp,49.07,672.6,Power price/regulatory risk; large cap,2026-09-21,140.78,2026-10-05,146.21,USD,1.4254399538040161,1.4254399538040161,200.6734366965294,208.4135756456852,197.02972708661557,5.43,1039.0,1000.0,0.353,15,1.258,"7.1 independent (12 accts, 7 copycats, 3 quote/reply posts) · early (-0% 1m before post) · crowded (5 posts/7d) · AzazelNews",7.1,12,7,12,3,-0.46,True,tg,,0.444,15,0.5393,118.0,analyst high target (20 analysts),52.0,55.0,51.6,20.0,3.4,2.22,2026-11-06,earnings (Yahoo date),31.0,1.0,3.8,0.0,0.0,0.177,0.665,1.0,0.94,0.4,"$49B company, directly exposed to AI power; down 35% from its 52-week high (+55% to get back); analysts' average target +52%; price turning up (above 20-day avg, +3.8% vs S&P in 10 days)",New hyperscaler power deals / SMR milestones; first test: earnings (Yahoo date) 2026-11-06,,B,@optionscjp,waiting,,17,28,large,0.85,,,0.4574,0.5381,,,138.2238,below pre-call low,5.5,52.0,"½ back to 52-wk high (+55%) + ½ analyst mean (+52%, capped 50)",9.55,1.0,10.0
36,PEY.TO,Peyto Exploration,gain,Canadian LNG growth,E06,Ksi Lisims & Tilbury Phase 2 FIDs; Montney M&A; winter gas prices,LNG Canada Phase 2 FID done Sep 29; Ksi Lisims FID TBD; Q3 reports Nov,0.163,0.16,second_order,years,0.436,-6.2,0.3,-6.5,2026-08-27 00:56,@BubleQe,3.41,10.8,AECO gas price exposure,2026-08-27,25.22,2026-10-05,23.66,CAD,1.4254399538040161,1.0,25.22,23.66,22.5571,-1.56,938.0,1003.0,0.187,63,1.43,"4.7 independent (8 accts, 6 copycats, 23 quote/reply posts) · early (-6% 1m before post)",4.65,8,6,35,23,-6.46,False,,,0.268,57,0.3615,28.0,analyst high target (11 analysts),18.0,24.8,18.2,11.0,,8.19,2026-11-09,earnings (Yahoo date),34.0,0.0,-0.2,0.0,0.0,0.237,0.412,1.0,0.24,1.17,"$3.4B mid cap, indirectly exposed to Canadian LNG growth; analysts' average target +18%",Ksi Lisims & Tilbury Phase 2 FIDs; Montney M&A; winter gas prices; first test: earnings (Yahoo date) 2026-11-09,,B,@BubleQe,waiting,,59,54,mid,1.4,,,0.4365,0.3118,,,22.5571,2x ATR(14),4.7,22.0,½ back to 52-wk high (+25%) + ½ analyst mean (+18%),4.57,1.0,26.0
37,HBM,Hudbay Minerals,gain,Copper supercycle,P08,"Copper deficit/price records (UBS $15,500/t in 2027)",LME copper; Sec. 232 copper-cable tariff decision (Polymarket 30% by Dec 31),0.283,0.47,second_order,months,0.353,2.5,0.0,2.5,2026-09-20 19:39,@grok,12.14,123.6,Mid-cap miner; Peru/Manitoba operations,2026-09-21,26.65,2026-10-05,27.325,USD,1.4254399538040161,1.4254399538040161,37.98797476887703,38.95014673769474,35.58197467085123,0.675,1025.0,1000.0,0.283,36,1.43,"3.0 independent (7 accts, 3 copycats, 4 quote/reply posts) · early (-1% 1m before post) · Polymarket 30%",3.05,7,3,7,4,-1.12,False,,30% copper-cable Sec. 232 tariff by Dec 31,0.405,22,0.4893,58.0,analyst high target (6 analysts),28.0,18.2,28.4,6.0,,2.05,2026-10-29,earnings (Yahoo date),23.0,1.0,2.5,0.0,0.0,0.248,0.391,1.0,0.875,0.7,"$12B company, indirectly exposed to Copper supercycle; analysts' average target +28%; price turning up (above 20-day avg, +2.5% vs S&P in 10 days)","Copper deficit/price records (UBS $15,500/t in 2027); first test: earnings (Yahoo date) 2026-10-29",,B,@grok,waiting,,29,40,large,0.85,,,0.3526,0.4148,,,24.9621,2x ATR(14),8.6,23.0,½ back to 52-wk high (+18%) + ½ analyst mean (+28%),2.71,1.0,10.0
38,AKAM,Akamai,gain,Neoclouds & AI compute,P03,New multi-year compute contracts; Q3 backlog growth,Q3 reports Nov 2026 (TBC),0.514,0.44,first_order,years,0.345,-5.8,0.3,-6.1,2026-09-24 17:17,@aleabitoreddit,15.44,452.1,Execution on $5.5B capex for one customer (Anthropic); margin dilution,2026-09-25,113.94,2026-10-05,107.35,USD,1.4254399538040161,1.4254399538040161,162.4146283364296,153.02097904086114,144.64651931226254,-6.59,942.0,1003.0,0.514,2,1.43,"3.6 independent (6 accts, 2 copycats, 4 quote/reply posts) · early (+4% 1m before post)",3.6,6,2,9,4,4.25,False,,,0.735,1,0.4768,107.0,analyst high target (22 analysts),46.0,51.9,45.9,22.0,15.4,6.13,2026-11-05,earnings (Yahoo date),30.0,0.0,-8.6,0.0,0.0,0.409,0.752,1.0,0.0,0.64,"$15B company, directly exposed to Neoclouds & AI compute; down 34% from its 52-week high (+52% to get back); analysts' average target +46%; 15% of float sold short, 6.1 days to cover (squeeze fuel)",New multi-year compute contracts; Q3 backlog growth; first test: earnings (Yahoo date) 2026-11-05,,B,@aleabitoreddit,waiting,,32,42,large,0.85,,,0.3449,0.4058,,,101.475,below pre-call low,5.5,49.0,½ back to 52-wk high (+52%) + ½ analyst mean (+46%),8.89,1.0,6.0
39,LHX,L3Harris,gain,US defense build-up,P10,FY27 defense appropriations pass near $1.5T; new munitions awards,Oct-Dec 2026 appropriations,0.299,0.28,first_order,months,0.344,0.1,0.8,-0.7,2026-09-24 14:05,@joinautopilot,44.4,371.9,Large prime; budget timing,2026-09-24,238.04,2026-10-05,238.35,USD,1.4254399538040161,1.4254399538040161,339.31172660350796,339.7536129891872,337.27334746956825,0.31,1001.0,1008.0,0.299,28,1.258,"4.0 independent (5 accts, 2 copycats, 0 quote/reply posts) · early (-10% 1m before post) · crowded (5 posts/7d) · AzazelNews",4.0,5,2,6,0,-9.56,True,tg,,0.376,28,0.3536,71.0,analyst high target (15 analysts),42.0,60.3,41.7,15.0,2.8,2.64,2026-10-29,earnings (Yahoo date),23.0,0.0,-3.5,0.0,0.0,0.156,0.632,1.0,0.075,0.42,"$44B company, directly exposed to US defense build-up; down 38% from its 52-week high (+60% to get back); analysts' average target +42%",FY27 defense appropriations pass near $1.5T; new munitions awards; first test: earnings (Yahoo date) 2026-10-29,,A,@joinautopilot,waiting,,60,43,large,0.85,,,0.3438,0.4045,,,236.61,below pre-call low,0.7,51.0,½ back to 52-wk high (+60%) + ½ analyst mean (+42%),72.86,1.0,7.0
40,CCJ,Cameco,gain,AI power,P04,New hyperscaler power deals / SMR milestones,Q3 reports Nov 2026 (TBC),0.291,0.36,second_order,years,0.34,0.0,0.0,0.0,2026-10-02 16:53,@GDXTrader,38.41,280.7,Uranium price swings,2026-10-05,88.25,2026-10-05,88.25,USD,1.4254399538040161,1.4254399538040161,125.79507592320442,125.79507592320442,118.25734944748879,0.0,1000.0,1000.0,0.291,32,1.258,"6.8 independent (10 accts, 5 copycats, 2 quote/reply posts) · early (-12% 1m before post) · crowded (5 posts/7d) · AzazelNews",6.8,10,5,10,2,-12.21,True,tg,,0.366,32,0.3488,98.0,analyst high target (11 analysts),49.0,58.8,48.8,11.0,,3.25,2026-10-30,earnings (Yahoo date),24.0,0.0,-5.4,0.0,0.0,0.161,0.665,1.0,0.0,0.44,"$38B company, indirectly exposed to AI power; down 37% from its 52-week high (+59% to get back); analysts' average target +49%",New hyperscaler power deals / SMR milestones; first test: earnings (Yahoo date) 2026-10-30,,A,@GDXTrader,waiting,,62,44,large,0.85,,,0.3403,0.4004,,,82.962,below pre-call low,6.0,54.0,½ back to 52-wk high (+59%) + ½ analyst mean (+49%),8.97,1.0,0.0
41,TOU.TO,Tourmaline Oil,gain,Canadian LNG growth,E06,Ksi Lisims & Tilbury Phase 2 FIDs; Montney M&A; winter gas prices,LNG Canada Phase 2 FID done Sep 29; Ksi Lisims FID TBD; Q3 reports Nov,0.17,0.33,second_order,years,0.304,1.5,2.1,-0.6,2026-09-09 17:52,@BubleQe,17.25,98.7,Gas prices (AECO) remain weak until LNG volumes ramp,2026-09-10,62.35,2026-10-05,63.28,CAD,1.4254399538040161,1.0,62.35,63.28,60.489,0.93,1015.0,1021.0,0.17,67,1.3,"4.7 independent (8 accts, 6 copycats, 23 quote/reply posts) · ran +5% before post",4.65,8,6,35,23,5.08,False,,,0.221,66,0.4272,34.0,analyst high target (22 analysts),14.0,13.8,13.6,22.0,,4.69,2026-11-04,earnings (Yahoo date),29.0,1.0,5.7,0.0,0.0,0.129,0.293,1.0,1.0,0.61,"$17B company, indirectly exposed to Canadian LNG growth; price turning up (above 20-day avg, +5.7% vs S&P in 10 days)",Ksi Lisims & Tilbury Phase 2 FIDs; Montney M&A; winter gas prices; first test: earnings (Yahoo date) 2026-11-04,,C,@BubleQe,waiting,,39,45,large,0.85,,,0.3044,0.3581,,,60.489,below pre-call low,4.4,15.0,½ back to 52-wk high (+14%) + ½ analyst mean (+14%),3.41,1.0,17.0
42,PPL.TO,Pembina Pipeline,gain,Canadian oil sands + BC oil pipeline,P07,BC oil pipeline proponent/approval; WCS discount narrows,rolling; Q3 reports early Nov 2026,0.284,0.41,first_order,months,0.301,2.7,1.3,1.4,2026-10-01 11:41,@VanIsleInvestor,26.99,101.7,Midstream; LNG FID timing (Cedar/Ksi Lisims),2026-10-01,64.45,2026-10-05,66.17,CAD,1.4254399538040161,1.0,64.45,66.17,63.5743,1.72,1027.0,1013.0,0.284,34,1.43,"3.5 independent (4 accts, 1 copycat, 1 quote/reply posts) · early (-5% 1m before post)",3.5,4,1,6,1,-5.39,False,,,0.406,21,0.4307,18.0,analyst high target (19 analysts),11.0,11.1,11.4,19.0,,5.2,2026-11-05,earnings (Yahoo date),30.0,1.0,1.5,0.0,0.0,0.181,0.32,1.0,0.825,0.51,"$27B company, directly exposed to Canadian oil sands + BC oil pipeline; price turning up (above 20-day avg, +1.5% vs S&P in 10 days)",BC oil pipeline proponent/approval; WCS discount narrows; first test: earnings (Yahoo date) 2026-11-05,,B,@VanIsleInvestor,waiting,,38,46,large,0.85,,,0.3012,0.3544,,,63.5743,2x ATR(14),3.9,15.0,½ back to 52-wk high (+11%) + ½ analyst mean (+11%),3.85,1.0,2.0
43,TRP.TO,TC Energy,gain,Canadian LNG growth,E06,Ksi Lisims & Tilbury Phase 2 FIDs; Montney M&A; winter gas prices,LNG Canada Phase 2 FID done Sep 29; Ksi Lisims FID TBD; Q3 reports Nov,0.302,0.18,first_order,years,0.291,-1.1,0.3,-1.4,2026-08-27 00:56,@BubleQe,62.1,263.6,Large regulated pipeline; upside capped,2026-08-27,85.91,2026-10-05,84.97,CAD,1.4254399538040161,1.0,85.91,84.97,83.6352,-0.94,989.0,1003.0,0.257,49,1.43,"4.7 independent (8 accts, 6 copycats, 23 quote/reply posts) · early (-13% 1m before post)",4.65,8,6,35,23,-13.3,False,,,0.367,31,0.4008,29.0,analyst high target (23 analysts),18.0,18.8,18.4,23.0,,3.53,2026-11-05,earnings (Yahoo date),30.0,1.0,0.0,0.0,0.0,0.138,0.339,1.0,0.75,0.37,"$62B company, directly exposed to Canadian LNG growth; analysts' average target +18%",Ksi Lisims & Tilbury Phase 2 FIDs; Montney M&A; winter gas prices; first test: earnings (Yahoo date) 2026-11-05,,B,@BubleQe,waiting,,47,48,large,0.85,,,0.2907,0.342,,,83.6352,below pre-call low,1.6,19.0,½ back to 52-wk high (+19%) + ½ analyst mean (+18%),11.62,1.0,26.0
44,LMT,Lockheed Martin,gain,US defense build-up,P10,FY27 defense appropriations pass near $1.5T; new munitions awards,Oct-Dec 2026 appropriations,0.273,0.43,first_order,months,0.277,-3.4,0.8,-4.2,2026-09-24 14:05,@joinautopilot,116.8,572.1,,2026-09-24,523.7,2026-10-05,506.105,USD,1.4254399538040161,1.4254399538040161,746.5029038071633,721.4222878199816,690.2946704607725,-17.595,966.0,1008.0,0.232,56,1.258,"4.0 independent (5 accts, 2 copycats, 0 quote/reply posts) · early (-8% 1m before post) · crowded (5 posts/7d) · AzazelNews",4.0,5,2,6,0,-7.56,True,tg,,0.292,51,0.2671,50.0,analyst high target (19 analysts),26.0,36.9,26.0,19.0,1.2,2.26,2026-10-22,earnings (Yahoo date),16.0,0.0,-5.5,0.0,0.0,0.102,0.453,1.0,0.0,0.3,"$117B company, directly exposed to US defense build-up; down 27% from its 52-week high (+37% to get back); analysts' average target +26%",FY27 defense appropriations pass near $1.5T; new munitions awards; first test: earnings (Yahoo date) 2026-10-22,,A,@joinautopilot,waiting,,67,49,large,0.85,,,0.2768,0.3256,,,484.2678,2x ATR(14),4.3,31.0,½ back to 52-wk high (+37%) + ½ analyst mean (+26%),7.31,1.0,7.0
45,TECK,Teck Resources,gain,Copper supercycle,P08,"Copper deficit/price records (UBS $15,500/t in 2027)",LME copper; Sec. 232 copper-cable tariff decision (Polymarket 30% by Dec 31),0.302,0.51,second_order,years,0.268,2.1,0.0,2.1,2026-09-20 19:39,@grok,33.44,216.9,Diversified miner; coal/zinc legacy; takeover dynamics,2026-09-21,66.76,2026-10-05,68.16,USD,1.4254399538040161,1.4254399538040161,95.16237131595612,97.15798725128174,91.01733447428941,1.4,1021.0,1000.0,0.302,27,1.43,"3.0 independent (7 accts, 3 copycats, 4 quote/reply posts) · early (+0% 1m before post) · Polymarket 30%",3.05,7,3,7,4,0.31,False,,30% copper-cable Sec. 232 tariff by Dec 31,0.432,17,0.369,-2.0,analyst high target (4 analysts),-23.0,5.8,-23.3,4.0,,4.47,2026-10-29,earnings (Yahoo date),23.0,1.0,2.1,0.0,0.0,0.177,0.06,1.0,0.855,0.47,"$33B company, indirectly exposed to Copper supercycle; price turning up (above 20-day avg, +2.1% vs S&P in 10 days)","Copper deficit/price records (UBS $15,500/t in 2027); first test: earnings (Yahoo date) 2026-10-29",,B,@grok,waiting,,54,50,large,0.85,,,0.2684,0.3158,,,63.8521,2x ATR(14),6.3,15.0,½ back to 52-wk high (+6%) + ½ analyst mean (-23%),2.38,1.0,10.0
46,FCX,Freeport-McMoRan,gain,Copper supercycle,P08,"Copper deficit/price records (UBS $15,500/t in 2027)",LME copper; Sec. 232 copper-cable tariff decision (Polymarket 30% by Dec 31),0.292,0.53,second_order,months,0.266,1.1,0.0,1.1,2026-09-20 19:39,@grok,104.71,990.8,Large cap; Grasberg/Indonesia operations risk,2026-09-21,72.16,2026-10-05,72.93,USD,1.4254399538040161,1.4254399538040161,102.8597470664978,103.95733583092691,96.90953306733368,0.77,1011.0,1000.0,0.248,52,1.43,"3.0 independent (7 accts, 3 copycats, 4 quote/reply posts) · early (+4% 1m before post) · Polymarket 30%",3.05,7,3,7,4,4.5,False,,30% copper-cable Sec. 232 tariff by Dec 31,0.355,34,0.3689,18.0,analyst high target (22 analysts),3.0,11.4,2.7,22.0,2.4,2.34,2026-10-27,earnings (Yahoo date),21.0,1.0,1.0,0.0,0.0,0.109,0.224,1.0,0.8,0.3,"$105B company, indirectly exposed to Copper supercycle; price turning up (above 20-day avg, +1.0% vs S&P in 10 days)","Copper deficit/price records (UBS $15,500/t in 2027); first test: earnings (Yahoo date) 2026-10-27",,B,@grok,waiting,,55,52,large,0.85,,,0.2661,0.3131,,,67.9857,2x ATR(14),6.7,15.0,½ back to 52-wk high (+11%) + ½ analyst mean (+3%),2.24,1.0,10.0
47,SU.TO,Suncor Energy,gain,Canadian oil sands + BC oil pipeline,P07,BC oil pipeline proponent/approval; WCS discount narrows,rolling; Q3 reports early Nov 2026,0.184,0.35,second_order,months,0.266,1.4,1.5,-0.1,2026-09-17 08:44,@JudeClimacus,81.77,363.7,,2026-09-17,97.31,2026-10-05,98.72,CAD,1.4254399538040161,1.0,97.31,98.72,93.8457,1.41,1014.0,1015.0,0.156,69,1.3,"3.5 independent (4 accts, 1 copycat, 1 quote/reply posts) · ran +7% before post",3.5,4,1,6,1,6.59,False,,,0.203,68,0.3781,47.0,analyst high target (20 analysts),8.0,1.1,8.1,20.0,,2.6,2026-11-03,earnings (Yahoo date),28.0,1.0,4.5,0.0,0.0,0.075,0.212,1.0,0.975,0.33,"$82B company, indirectly exposed to Canadian oil sands + BC oil pipeline; price turning up (above 20-day avg, +4.5% vs S&P in 10 days)",BC oil pipeline proponent/approval; WCS discount narrows; first test: earnings (Yahoo date) 2026-11-03,,C,@JudeClimacus,waiting,,52,53,large,0.85,,,0.2656,0.3125,,,93.8457,2x ATR(14),4.9,15.0,½ back to 52-wk high (+1%) + ½ analyst mean (+8%),3.06,1.0,12.0
48,SCCO,Southern Copper,gain,Copper supercycle,P08,"Copper deficit/price records (UBS $15,500/t in 2027)",LME copper; Sec. 232 copper-cable tariff decision (Polymarket 30% by Dec 31),0.269,0.62,second_order,months,0.265,4.4,0.0,4.4,2026-09-20 19:39,@grok,174.56,229.8,,2026-09-21,198.06,2026-10-05,206.745,USD,1.4254399538040161,1.4254399538040161,282.32263725042344,294.70258324921133,275.5324114864826,8.685,1044.0,1000.0,0.229,57,1.43,"3.0 independent (7 accts, 3 copycats, 4 quote/reply posts) · early (+1% 1m before post) · Polymarket 30%",3.05,7,3,7,4,1.48,False,,30% copper-cable Sec. 232 tariff by Dec 31,0.327,38,0.402,34.0,analyst high target (17 analysts),-16.0,7.4,-16.3,17.0,10.4,8.79,2026-10-22,earnings (Yahoo date),16.0,1.0,4.4,0.0,0.0,0.101,0.234,1.0,0.97,0.3,"$175B company, indirectly exposed to Copper supercycle; 10% of float sold short, 8.8 days to cover (squeeze fuel); price turning up (above 20-day avg, +4.4% vs S&P in 10 days)","Copper deficit/price records (UBS $15,500/t in 2027); first test: earnings (Yahoo date) 2026-10-22",,B,@grok,waiting,,46,55,large,0.85,only 11% of shares float,,0.2649,0.3116,,,193.2964,2x ATR(14),6.5,15.0,½ back to 52-wk high (+7%) + ½ analyst mean (-16%),2.31,1.0,10.0
49,CNQ.TO,Canadian Natural Resources,gain,Canadian oil sands + BC oil pipeline,P07,BC oil pipeline proponent/approval; WCS discount narrows,rolling; Q3 reports early Nov 2026,0.258,0.39,first_order,months,0.261,1.3,1.3,0.0,2026-10-01 11:52,@BubleQe,99.7,685.4,Large cap; oil price,2026-10-01,68.06,2026-10-05,68.94,CAD,1.4254399538040161,1.0,68.06,68.94,65.7786,0.88,1013.0,1013.0,0.219,59,1.43,"3.5 independent (4 accts, 1 copycat, 1 quote/reply posts) · early (-3% 1m before post)",3.5,4,1,6,1,-3.11,False,,,0.314,44,0.3659,22.0,analyst high target (21 analysts),5.0,4.7,5.0,21.0,,0.86,2026-11-05,earnings (Yahoo date),30.0,1.0,1.6,0.0,0.0,0.097,0.21,1.0,0.83,0.3,"$100B company, directly exposed to Canadian oil sands + BC oil pipeline; price turning up (above 20-day avg, +1.6% vs S&P in 10 days)",BC oil pipeline proponent/approval; WCS discount narrows; first test: earnings (Yahoo date) 2026-11-05,,B,@BubleQe,waiting,,56,56,large,0.85,,,0.261,0.307,,,65.7786,2x ATR(14),4.6,15.0,½ back to 52-wk high (+5%) + ½ analyst mean (+5%),3.26,1.0,2.0
50,ARX.TO,ARC Resources,gain,Canadian LNG growth,E06,Ksi Lisims & Tilbury Phase 2 FIDs; Montney M&A; winter gas prices,LNG Canada Phase 2 FID done Sep 29; Ksi Lisims FID TBD; Q3 reports Nov,0.171,0.18,second_order,years,0.261,0.0,-0.5,0.5,2026-08-27 00:56,@BubleQe,13.46,103.9,,2026-09-08,33.91,2026-09-09,33.91,CAD,1.4254399538040161,1.0,33.91,33.91,32.8979,0.0,1000.0,995.0,0.171,66,1.3,"4.7 independent (8 accts, 6 copycats, 23 quote/reply posts) · prior run n/a",4.65,8,6,35,23,,False,,,0.222,64,0.3639,1.0,back to 52-week high,,1.4,,,,1.03,2026-11-05,earnings (Yahoo date),30.0,1.0,6.9,0.0,0.0,0.144,0.011,1.0,1.0,0.67,"$13B company, indirectly exposed to Canadian LNG growth; price turning up (above 20-day avg, +6.9% vs S&P in 10 days)",Ksi Lisims & Tilbury Phase 2 FIDs; Montney M&A; winter gas prices; first test: earnings (Yahoo date) 2026-11-05,,C,@BubleQe,waiting,,58,57,large,0.85,,,0.2607,0.3067,,,32.8979,2x ATR(14),3.0,15.0,back to 52-week high (+1%),5.0,1.0,1.0
51,GM,General Motors,gain,Trump-named EV/auto trade,P11,EV-mandate repeal finalised; Q3 auto margins,GM/F Q3 reports late Oct 2026 (TBC),0.231,0.47,first_order,months,0.26,-0.5,1.1,-1.6,2026-09-27 12:27,@joinautopilot,70.37,541.3,,2026-09-28,80.64,2026-10-05,80.2,USD,1.4254399538040161,1.4254399538040161,114.94747787475586,114.32028429508209,112.95129176344871,-0.44,995.0,1011.0,0.196,62,1.21,"1.0 independent (1 acct, 0 copycats, 0 quote/reply posts) · early (-5% 1m before post) · AzazelNews",1.0,1,0,2,0,-4.97,False,tg,,0.238,60,0.2562,69.0,analyst high target (23 analysts),33.0,17.4,33.2,23.0,2.4,3.55,2026-10-20,earnings (Yahoo date),14.0,0.0,-4.5,0.0,0.0,0.1,0.414,1.0,0.025,0.35,"$70B company, directly exposed to Trump-named EV/auto trade; analysts' average target +33%",EV-mandate repeal finalised; Q3 auto margins; first test: earnings (Yahoo date) 2026-10-20,,B,@joinautopilot,waiting,,71,58,large,0.85,,,0.26,0.3059,,,79.2396,below pre-call low,1.2,25.0,½ back to 52-wk high (+17%) + ½ analyst mean (+33%),21.08,1.0,5.0
52,BN,Brookfield Corp,gain,Brookfield DE growth,E04,BN DE growth tracks 17-24%/yr,"BN Q3 results (Nov 2026, TBC)",0.412,0.45,first_order,years,0.259,-1.6,1.6,-3.2,2026-09-18 11:51,@Mindset4Money_X,82.4,161.4,Complex holding company; private-asset marks,2026-09-18,37.51,2026-10-05,36.91,USD,1.4254399538040161,1.4254399538040161,53.468252667188644,52.61298869490623,51.74817427493334,-0.6,984.0,1016.0,0.35,16,1.347,"2.5 independent (3 accts, 1 copycat, 0 quote/reply posts) · early (-11% 1m before post)",2.5,3,1,3,0,-11.09,False,,,0.472,10,0.3527,65.0,analyst high target (10 analysts),47.0,34.3,46.9,10.0,,5.18,2026-11-12,earnings (Yahoo date),37.0,0.0,-2.8,0.0,0.0,0.168,0.607,1.0,0.11,0.33,"$82B company, directly exposed to Brookfield DE growth; down 26% from its 52-week high (+34% to get back); analysts' average target +47%",BN DE growth tracks 17-24%/yr; first test: earnings (Yahoo date) 2026-11-12,,B,@Mindset4Money_X,waiting,,61,59,large,0.85,,,0.2591,0.3048,,,36.3033,below pre-call low,1.6,41.0,½ back to 52-wk high (+34%) + ½ analyst mean (+47%),25.37,1.0,11.0
53,F,Ford,gain,Trump-named EV/auto trade,P11,EV-mandate repeal finalised; Q3 auto margins,GM/F Q3 reports late Oct 2026 (TBC),0.229,0.46,first_order,days,0.223,-2.2,1.1,-3.3,2026-09-27 12:27,@joinautopilot,48.31,582.9,,2026-09-28,12.38,2026-10-05,12.11,USD,1.4254399538040161,1.4254399538040161,17.64694662809372,17.262077840566633,16.2622742569685,-0.27,978.0,1011.0,0.229,58,1.1,"1.0 independent (1 acct, 0 copycats, 0 quote/reply posts) · early (-9% 1m before post)",1.0,1,0,2,0,-9.25,False,,,0.252,59,0.2813,65.0,analyst high target (18 analysts),32.0,46.9,32.5,18.0,3.3,2.64,2026-10-28,earnings (Yahoo date),22.0,0.0,-8.1,0.0,0.0,0.116,0.529,1.0,0.0,0.4,"$48B company, directly exposed to Trump-named EV/auto trade; down 32% from its 52-week high (+47% to get back); analysts' average target +32%",EV-mandate repeal finalised; Q3 auto margins; first test: earnings (Yahoo date) 2026-10-28,,C,@joinautopilot,waiting,,64,60,large,0.85,,,0.2231,0.2625,,,11.4086,2x ATR(14),5.8,40.0,½ back to 52-wk high (+47%) + ½ analyst mean (+32%),6.84,1.0,5.0
54,BAM,Brookfield Asset Management,gain,Brookfield DE growth,E04,BN DE growth tracks 17-24%/yr,"BN Q3 results (Nov 2026, TBC)",0.157,0.45,second_order,years,0.198,-3.6,1.6,-5.2,2026-09-18 11:51,@Mindset4Money_X,70.93,116.3,,2026-09-18,46.06,2026-10-05,44.395,USD,1.4254399538040161,1.4254399538040161,65.65576427221299,63.2824067491293,63.00943499797582,-1.665,964.0,1016.0,0.133,70,1.347,"2.5 independent (3 accts, 1 copycat, 0 quote/reply posts) · early (-11% 1m before post)",2.5,3,1,3,0,-11.12,False,,,0.18,71,0.2655,56.0,analyst high target (19 analysts),27.0,32.3,26.8,19.0,4.9,8.07,2026-11-06,earnings (Yahoo date),31.0,0.0,-4.0,0.0,0.0,0.068,0.489,1.0,0.05,0.35,"$71B company, indirectly exposed to Brookfield DE growth; down 24% from its 52-week high (+32% to get back); analysts' average target +27%",BN DE growth tracks 17-24%/yr; first test: earnings (Yahoo date) 2026-11-06,,B,@Mindset4Money_X,waiting,,68,61,large,0.85,only 20% of shares float,,0.1977,0.2326,,,44.2035,below pre-call low,0.4,30.0,½ back to 52-wk high (+32%) + ½ analyst mean (+27%),73.87,1.0,11.0
55,TRP,TC Energy,gain,Canadian LNG growth,E06,Ksi Lisims & Tilbury Phase 2 FIDs; Montney M&A; winter gas prices,LNG Canada Phase 2 FID done Sep 29; Ksi Lisims FID TBD; Q3 reports Nov,0.189,0.55,second_order,years,0.196,-4.0,0.3,-4.3,2026-08-27 00:56,@BubleQe,62.07,160.1,,2026-08-27,62.05,2026-10-05,59.58,USD,1.4254399538040161,1.4254399538040161,88.4485491335392,84.92771244764327,81.6298145705223,-2.47,960.0,1003.0,0.161,68,1.43,"4.7 independent (8 accts, 6 copycats, 23 quote/reply posts) · early (-11% 1m before post)",4.65,8,6,35,23,-10.54,False,,,0.23,61,0.2683,21.0,analyst high target (3 analysts),13.0,21.0,12.8,3.0,,16.86,2026-11-05,earnings (Yahoo date),30.0,0.0,-1.5,0.0,0.0,0.086,0.367,1.0,0.175,0.37,"$62B company, indirectly exposed to Canadian LNG growth",Ksi Lisims & Tilbury Phase 2 FIDs; Montney M&A; winter gas prices; first test: earnings (Yahoo date) 2026-11-05,,B,@BubleQe,waiting,,66,62,large,0.85,,,0.1963,0.2309,,,57.2664,2x ATR(14),3.9,17.0,½ back to 52-wk high (+21%) + ½ analyst mean (+13%),4.33,1.0,26.0
56,CVE.TO,Cenovus Energy,gain,Canadian oil sands + BC oil pipeline,P07,BC oil pipeline proponent/approval; WCS discount narrows,rolling; Q3 reports early Nov 2026,0.211,0.45,second_order,months,0.195,1.1,0.8,0.3,2026-09-23 20:54,@VanIsleInvestor,57.89,162.0,,2026-09-24,44.26,2026-10-05,44.745,CAD,1.4254399538040161,1.0,44.26,44.745,42.4017,0.485,1011.0,1008.0,0.179,64,1.43,"3.5 independent (4 accts, 1 copycat, 1 quote/reply posts) · early (-2% 1m before post)",3.5,4,1,6,1,-2.36,False,,,0.256,58,0.2641,30.0,analyst high target (17 analysts),11.0,2.6,10.6,17.0,,1.85,2026-10-29,earnings (Yahoo date),23.0,0.0,0.9,0.0,0.0,0.099,0.232,1.0,0.295,0.38,"$58B company, indirectly exposed to Canadian oil sands + BC oil pipeline",BC oil pipeline proponent/approval; WCS discount narrows; first test: earnings (Yahoo date) 2026-10-29,,B,@VanIsleInvestor,waiting,,69,63,large,0.85,,,0.1953,0.2298,,,42.4017,below pre-call low,5.3,15.0,½ back to 52-wk high (+3%) + ½ analyst mean (+11%),2.83,1.0,7.0
57,005930.KS,Samsung Electronics,gain,AI memory supercycle,P02,DRAM/HBM contract prices keep rising; long-term capacity deals,"Samsung/SK hynix Q3 (late Oct 2026); MU FQ1 (mid-Dec 2026, TBC)",0.398,0.46,first_order,years,3.624,2.6,0.9,1.7,2026-09-08 11:37,@aleabitoreddit,1268.66,4588.9,"Huge, diversified; HBM qualification setbacks",2026-09-09,269000.0,2026-10-02,276000.0,KRW,1.4254399538040161,0.0010621678657723663,285.7231558927665,293.1583309531731,272.44605757061197,7000.0,1026.0,1009.0,0.279,38,1.137,"0.6 independent (2 accts, 0 copycats, 4 quote/reply posts) · early (-0% 1m before post) · AzazelNews",0.6,2,0,4,4,-0.29,False,tg,,0.317,43,0.5349,163.0,analyst high target (36 analysts),73.0,35.7,73.0,36.0,,,2026-10-28,earnings (Yahoo date),22.0,1.0,4.7,0.0,0.0,0.149,0.705,1.0,0.985,0.3,"$1269B company, directly exposed to AI memory supercycle; down 26% from its 52-week high (+36% to get back); analysts' average target +73%; price turning up (above 20-day avg, +4.7% vs S&P in 10 days)",DRAM/HBM contract prices keep rising; long-term capacity deals; first test: earnings (Yahoo date) 2026-10-28,,C,@aleabitoreddit,confirmed,,19,5,mega,0.6,,large caps,3.624,0.5001,2026-09-23,close above 20-day high,256500.0,2x ATR(14),7.1,43.0,"½ back to 52-wk high (+36%) + ½ analyst mean (+73%, capped 50)",6.04,1.0,15.0
58,SPCX,SpaceX,gain,SpaceX/xAI compute,P05,SpaceX confirms ~2.6 GW compute by EOY,by Dec 31 2026,0.446,0.39,first_order,months,3.234,13.1,0.8,12.3,2026-09-24 14:20,@KyleReidhead,2207.68,15541.3,~$2.1T market cap already; compute claim relies on Elon timelines,2026-09-24,148.03,2026-10-05,167.4701,USD,1.4254399538040161,1.4254399538040161,211.0078763616085,238.71857160755397,220.33424489135743,19.4401,1131.0,1008.0,0.297,29,1.69,"4.5 independent (6 accts, 1 copycat, 3 quote/reply posts) · ran +9% before post · AzazelNews · insider/politician buy · Polymarket 15.5%",4.45,6,1,11,3,9.33,False,qq_buy;tg,15.5% Tesla-SpaceX merger by Dec 31,0.501,6,0.5311,183.0,analyst high target (25 analysts),42.0,41.9,42.2,25.0,2.4,2.07,2026-11-03,earnings (Yahoo date),28.0,1.0,10.3,0.0,0.0,0.167,0.561,1.0,1.0,0.3,"$2208B company, directly exposed to SpaceX/xAI compute; down 30% from its 52-week high (+42% to get back); analysts' average target +42%; price turning up (above 20-day avg, +10.3% vs S&P in 10 days)",SpaceX confirms ~2.6 GW compute by EOY; first test: earnings (Yahoo date) 2026-11-03,,A,@KyleReidhead,confirmed,,21,7,mega,0.6,,large caps,3.234,0.607,2026-10-02,close above 20-day high,154.5728,2x ATR(14),7.8,42.0,½ back to 52-wk high (+42%) + ½ analyst mean (+42%),5.39,1.0,7.0
59,MU,Micron,gain,AI memory supercycle,P02,DRAM/HBM contract prices keep rising; long-term capacity deals,"Samsung/SK hynix Q3 (late Oct 2026); MU FQ1 (mid-Dec 2026, TBC)",0.432,0.54,first_order,years,2.208,2.0,0.0,2.0,2026-09-21 11:48,@aleabitoreddit,1202.45,35993.9,Cyclical memory pricing; already ~$1.2T,2026-09-21,1043.96,2026-10-05,1064.635,USD,1.4254399538040161,1.4254399538040161,1488.1022941732408,1517.5732652181387,1398.9002574801207,20.675,1020.0,1000.0,0.302,26,1.3,"4.2 independent (9 accts, 6 copycats, 9 quote/reply posts) · ran +9% before post",4.25,9,6,14,9,9.36,False,,,0.393,24,0.403,105.0,analyst high target (46 analysts),41.0,16.8,41.4,46.0,2.5,1.07,2026-12-23,earnings (Yahoo date),78.0,1.0,2.0,0.0,0.0,0.162,0.457,0.5,0.85,0.3,"$1202B company, directly exposed to AI memory supercycle; analysts' average target +41%; price turning up (above 20-day avg, +2.0% vs S&P in 10 days)",DRAM/HBM contract prices keep rising; long-term capacity deals; first test: earnings (Yahoo date) 2026-12-23,,C,@aleabitoreddit,confirmed,,45,8,mega,0.6,,large caps,2.208,0.3305,2026-09-22,close above 20-day high,981.3814,2x ATR(14),7.9,29.0,½ back to 52-wk high (+17%) + ½ analyst mean (+41%),3.68,1.0,10.0
60,GEV,GE Vernova,gain,AI power,P04,New hyperscaler power deals / SMR milestones,Q3 reports Nov 2026 (TBC),0.308,0.25,first_order,months,2.094,10.4,1.6,8.8,2026-09-01 11:11,@drawandstrike,264.15,2365.8,Very large cap; turbine backlog already priced,2026-09-01,898.53,2026-10-05,991.7866,USD,1.4254399538040161,1.4254399538040161,1280.8005616915225,1413.7322452874423,1321.4344381026506,93.2566,1104.0,1016.0,0.216,60,1.258,"6.6 independent (11 accts, 6 copycats, 3 quote/reply posts) · early (-12% 1m before post) · crowded (5 posts/7d) · AzazelNews",6.6,11,6,11,3,-11.95,True,tg,,0.271,56,0.4496,47.0,analyst high target (33 analysts),24.0,21.0,24.4,33.0,3.3,4.2,2026-10-28,earnings (Yahoo date),22.0,1.0,4.8,0.0,0.0,0.115,0.381,1.0,0.99,0.3,"$264B company, directly exposed to AI power; analysts' average target +24%; price turning up (above 20-day avg, +4.8% vs S&P in 10 days)",New hyperscaler power deals / SMR milestones; first test: earnings (Yahoo date) 2026-10-28,,B,@drawandstrike,confirmed,,35,9,mega,0.6,,large caps,2.094,0.4536,2026-10-01,close above 20-day high,927.0362,2x ATR(14),6.5,23.0,½ back to 52-wk high (+21%) + ½ analyst mean (+24%),3.49,1.0,23.0
61,PLTR,Palantir,gain,DOJ Fraud Division codified,P12,Senate passes Fraud Division bill; DOJ analytics contracts,Senate timing TBC,0.18,0.43,second_order,months,1.5,6.7,1.5,5.2,2026-09-16 18:42,@nicksortor,451.84,6499.0,,2026-09-17,176.24,2026-10-05,188.025,USD,1.4254399538040161,1.4254399538040161,251.2195374584198,268.01834731400015,252.03246586407425,11.785,1067.0,1015.0,0.126,71,1.573,"3.3 independent (5 accts, 2 copycats, 2 quote/reply posts) · early (+3% 1m before post) · AzazelNews",3.3,5,2,9,2,3.45,False,tg,,0.198,69,0.374,35.0,analyst high target (26 analysts),4.0,9.9,3.6,26.0,2.8,2.08,2026-11-02,earnings (Yahoo date),27.0,1.0,2.7,0.0,0.0,0.067,0.223,1.0,0.885,0.3,"$452B company, indirectly exposed to DOJ Fraud Division codified; price turning up (above 20-day avg, +2.7% vs S&P in 10 days)",Senate passes Fraud Division bill; DOJ analytics contracts; first test: earnings (Yahoo date) 2026-11-02,,A,@nicksortor,confirmed,,53,13,mega,0.6,,large caps,1.5,0.3914,2026-09-23,close above 20-day high,176.8103,2x ATR(14),6.0,15.0,½ back to 52-wk high (+10%) + ½ analyst mean (+4%),2.5,1.0,12.0
62,LRCX,Lam Research,gain,AI memory supercycle,P02,DRAM/HBM contract prices keep rising; long-term capacity deals,"Samsung/SK hynix Q3 (late Oct 2026); MU FQ1 (mid-Dec 2026, TBC)",0.25,0.39,second_order,years,1.38,9.1,0.3,8.8,2026-09-25 13:46,@stark0xbt,430.27,3312.4,,2026-09-25,315.21,2026-10-05,343.825,USD,1.4254399538040161,1.4254399538040161,449.3129278385639,490.10189211666585,453.93035548092126,28.615,1091.0,1003.0,0.175,65,1.034,"0.6 independent (2 accts, 0 copycats, 4 quote/reply posts) · early (-3% 1m before post)",0.6,2,0,4,4,-2.55,False,,,0.181,70,0.4075,44.0,analyst high target (31 analysts),8.0,26.2,7.9,31.0,2.3,3.27,2026-10-21,earnings (Yahoo date),15.0,1.0,13.7,0.0,0.0,0.094,0.312,1.0,1.0,0.3,"$430B company, indirectly exposed to AI memory supercycle; down 21% from its 52-week high (+26% to get back); price turning up (above 20-day avg, +13.7% vs S&P in 10 days)",DRAM/HBM contract prices keep rising; long-term capacity deals; first test: earnings (Yahoo date) 2026-10-21,,D,@stark0xbt,confirmed,,44,14,mega,0.6,,large caps,1.38,0.3462,2026-09-29,close above 20-day high,318.4493,2x ATR(14),7.4,17.0,½ back to 52-wk high (+26%) + ½ analyst mean (+8%),2.3,1.0,6.0
63,RTX,RTX,gain,US defense build-up,P10,FY27 defense appropriations pass near $1.5T; new munitions awards,Oct-Dec 2026 appropriations,0.303,0.45,first_order,months,0.188,-2.2,0.8,-3.0,2026-09-24 14:05,@joinautopilot,248.6,821.2,Large prime; budget timing,2026-09-24,188.61,2026-10-05,184.455,USD,1.4254399538040161,1.4254399538040161,268.8522296869755,262.9295266789198,253.14288358808759,-4.155,978.0,1008.0,0.258,48,1.258,"4.0 independent (5 accts, 2 copycats, 0 quote/reply posts) · early (-9% 1m before post) · crowded (5 posts/7d) · AzazelNews",4.0,5,2,6,0,-8.71,True,tg,,0.324,42,0.259,43.0,analyst high target (22 analysts),27.0,22.9,26.8,22.0,1.0,3.34,2026-10-20,earnings (Yahoo date),14.0,0.0,-5.1,0.0,0.0,0.114,0.401,1.0,0.0,0.3,"$249B company, directly exposed to US defense build-up; analysts' average target +27%",FY27 defense appropriations pass near $1.5T; new munitions awards; first test: earnings (Yahoo date) 2026-10-20,,A,@joinautopilot,waiting,,70,51,mega,0.6,,large caps,0.1884,0.314,,,177.5893,2x ATR(14),3.7,25.0,½ back to 52-wk high (+23%) + ½ analyst mean (+27%),6.72,1.0,7.0
64,PGLD.V,PGLD (TSXV),gain,Copper supercycle,P08,"Copper deficit/price records (UBS $15,500/t in 2027)",LME copper; Sec. 232 copper-cable tariff decision (Polymarket 30% by Dec 31),0.272,0.36,second_order,years,1.154,3.6,1.4,2.2,2026-09-30 12:37,@JudeClimacus,0.28,0.5,TSXV junior; pre-production; illiquid,2026-09-30,1.38,2026-10-05,1.43,CAD,1.4254399538040161,1.0,1.38,1.43,1.2357,0.05,1036.0,1014.0,0.283,37,0.78,"3.0 independent (7 accts, 3 copycats, 4 quote/reply posts) · late: ran +24% before post · Polymarket 30%",3.05,7,3,7,4,23.61,False,,30% copper-cable Sec. 232 tariff by Dec 31,0.221,65,0.3972,-36.0,analyst high target (1 analyst),-36.0,6.0,-36.4,1.0,,0.83,2026-11-05,earnings (Yahoo date),30.0,1.0,4.4,1.0,0.0,0.85,0.024,1.0,0.97,2.5,"small cap ($0.3B), indirectly exposed to Copper supercycle; price turning up (above 20-day avg, +4.4% vs S&P in 10 days)","Copper deficit/price records (UBS $15,500/t in 2027); first test: earnings (Yahoo date) 2026-11-05",late call,D,@JudeClimacus,filtered,late call: ran +24% vs S&P in the month before; illiquid: $0.5M/day traded (< $2M floor),48,67,small,2.0,float $186M,,1.1544,0.5772,2026-10-01,+11% on 2.8x volume,1.2357,2x ATR(14),13.6,15.0,back to 52-week high (+6%); analyst targets ignored (under $1B with < 4 analysts),1.1,0.0,3.0
65,CYPH,Cypherpunk Technologies (CYPH),gain,Crypto cycle & treasury proxies,P09,BTC new high / ZEC breakout,rolling; Polymarket: BTC >$100k in Oct 9.5%,0.419,0.46,first_order,weeks,1.089,-13.8,0.0,-13.8,2026-09-21 11:18,@wliang,0.32,27.7,Micro-cap treasury vehicle; moves with ZEC; dilution,2026-09-21,3.4,2026-10-05,2.93,USD,1.4254399538040161,1.4254399538040161,4.846495842933654,4.176539064645768,2.9000575860142708,-0.47,862.0,1000.0,0.545,1,0.64,"1.4 independent (3 accts, 1 copycat, 6 quote/reply posts) · late: ran +237% before post · Polymarket 49.5%",1.45,3,1,7,6,237.41,False,,49.5% BTC hits $95k in 2026,0.349,35,0.4268,62.0,analyst high target (1 analyst),62.0,38.3,61.7,1.0,11.4,0.74,2026-11-11,earnings (Yahoo date),36.0,0.0,-13.8,1.0,0.0,1.0,0.733,1.0,0.0,2.5,"small cap ($0.3B), directly exposed to Crypto cycle & treasury proxies; down 28% from its 52-week high (+38% to get back); analysts' average target +62%; 11% of float sold short, 0.7 days to cover (squeeze fuel)",BTC new high / ZEC breakout; first test: earnings (Yahoo date) 2026-11-11,late call,D,@wliang,filtered,late call: ran +237% vs S&P in the month before,40,68,small,2.0,float $223M,,1.0888,0.5444,2026-09-24,+13% on 1.5x volume,2.0345,below pre-call low,30.7,38.0,back to 52-week high (+38%); analyst targets ignored (under $1B with < 4 analysts),1.25,0.0,10.0
66,ASST,Strive (ASST),gain,Crypto cycle & treasury proxies,P09,BTC new high / ZEC breakout,rolling; Polymarket: BTC >$100k in Oct 9.5%,0.424,0.36,first_order,weeks,0.836,0.3,0.0,0.3,2026-09-21 11:18,@wliang,2.97,194.5,Bitcoin treasury; trades at premium/discount to BTC; dilution,2026-09-21,30.33,2026-10-05,30.43,USD,1.4254399538040161,1.4254399538040161,43.23359379887581,43.37613779425621,38.09901654127837,0.1,1003.0,1000.0,0.488,3,0.64,"1.4 independent (3 accts, 1 copycat, 6 quote/reply posts) · late: ran +105% before post · Polymarket 49.5%",1.45,3,1,7,6,105.24,False,,49.5% BTC hits $95k in 2026,0.312,45,0.4203,47.0,analyst high target (5 analysts),11.0,82.5,10.6,5.0,28.3,2.29,2026-11-10,earnings (Yahoo date),35.0,1.0,0.3,1.0,0.0,0.653,0.701,1.0,0.765,1.23,"$3.0B mid cap, directly exposed to Crypto cycle & treasury proxies; down 45% from its 52-week high (+82% to get back); 28% of float sold short, 2.3 days to cover (squeeze fuel); price turning up (above 20-day avg, +0.3% vs S&P in 10 days)",BTC new high / ZEC breakout; first test: earnings (Yahoo date) 2026-11-10,late call,D,@wliang,filtered,late call: ran +105% vs S&P in the month before,42,64,mid,1.4,,,0.8359,0.5971,,,26.7279,2x ATR(14),12.1,47.0,½ back to 52-wk high (+82%) + ½ analyst mean (+11%),3.85,1.0,10.0
67,OKLO,Oklo,gain,AI power,P04,New hyperscaler power deals / SMR milestones,Q3 reports Nov 2026 (TBC),0.423,0.37,first_order,months,0.811,-15.5,1.0,-16.5,2026-09-07 08:32,@Henderson014t,6.8,347.2,Pre-revenue SMR developer; NRC licensing timeline; dilution,2026-09-08,43.31,2026-10-05,36.58,USD,1.4254399538040161,1.4254399538040161,61.73580439925194,52.14259351015091,46.471765741932394,-6.73,845.0,1010.0,0.486,4,1.258,"7.2 independent (10 accts, 5 copycats, 1 quote/reply posts) · early (-2% 1m before post) · crowded (5 posts/7d) · AzazelNews",7.15,10,5,10,1,-2.39,True,tg,,0.612,3,0.4329,262.0,analyst high target (20 analysts),111.0,440.4,111.2,20.0,20.5,3.43,2026-11-10,earnings (Yahoo date),35.0,0.0,-9.0,0.0,1.0,0.468,1.0,1.0,0.0,0.88,"$6.8B mid cap, directly exposed to AI power; down 81% from its 52-week high (+440% to get back); analysts' average target +111%; 21% of float sold short, 3.4 days to cover (squeeze fuel)",New hyperscaler power deals / SMR milestones; first test: earnings (Yahoo date) 2026-11-10,"story intact, price broken",A,@Henderson014t,filtered,"price broken since the call (-16% vs S&P, below 20-day avg, still lagging)",37,66,mid,1.4,,,0.8107,0.5791,2026-09-17,+11% on 1.7x volume,32.6017,2x ATR(14),10.9,75.0,"½ back to 52-wk high (+440%, capped 100) + ½ analyst mean (+111%, capped 50)",6.88,1.0,19.0
68,UUUU,Energy Fuels,gain,AI power,P04,New hyperscaler power deals / SMR milestones,Q3 reports Nov 2026 (TBC),0.246,0.37,second_order,years,0.747,-25.6,1.0,-26.6,2026-09-07 08:32,@Henderson014t,2.88,75.7,Small uranium/rare-earth producer; down 25% since post,2026-09-08,14.62,2026-10-05,10.88,USD,1.4254399538040161,1.4254399538040161,20.839932124614716,15.508786697387697,14.066384008133411,-3.74,744.0,1010.0,0.283,35,1.144,"7.2 independent (10 accts, 5 copycats, 1 quote/reply posts) · ran +12% before post · crowded (5 posts/7d) · AzazelNews",7.15,10,5,10,1,11.96,True,tg,,0.324,41,0.3958,203.0,analyst high target (5 analysts),125.0,160.0,125.1,5.0,21.2,8.53,2026-11-02,earnings (Yahoo date),27.0,0.0,-11.6,0.0,1.0,0.383,1.0,1.0,0.0,1.25,"$2.9B mid cap, indirectly exposed to AI power; down 62% from its 52-week high (+160% to get back); analysts' average target +125%; 21% of float sold short, 8.5 days to cover (squeeze fuel)",New hyperscaler power deals / SMR milestones; first test: earnings (Yahoo date) 2026-11-02,"story intact, price broken",B,@Henderson014t,filtered,"price broken since the call (-27% vs S&P, below 20-day avg, still lagging)",49,69,mid,1.4,,,0.7469,0.5335,,,9.8681,2x ATR(14),9.3,75.0,"½ back to 52-wk high (+160%, capped 100) + ½ analyst mean (+125%, capped 50)",8.06,1.0,19.0
69,BWXT,BWX Technologies,gain,AI power,P04,New hyperscaler power deals / SMR milestones,Q3 reports Nov 2026 (TBC),0.434,0.18,first_order,months,0.503,-15.1,1.6,-16.7,2026-09-01 11:11,@drawandstrike,12.57,143.4,Defense/nuclear contractor; slow-moving programs,2026-09-01,161.54,2026-10-05,137.17,USD,1.4254399538040161,1.4254399538040161,230.26557013750076,195.52759846329687,182.64775067270995,-24.37,849.0,1016.0,0.434,6,1.487,"8.3 independent (12 accts, 6 copycats, 2 quote/reply posts) · early (-12% 1m before post) · crowded (5 posts/7d) · AzazelNews · insider/politician buy",8.3,12,6,12,2,-12.41,True,qq_buy;tg,,0.645,2,0.3652,115.0,analyst high target (16 analysts),61.0,79.3,61.4,16.0,4.4,2.87,2026-11-02,earnings (Yahoo date),27.0,0.0,-7.0,0.0,1.0,0.375,0.816,1.0,0.0,0.69,"$13B company, directly exposed to AI power; down 44% from its 52-week high (+79% to get back); analysts' average target +61%",New hyperscaler power deals / SMR milestones; first test: earnings (Yahoo date) 2026-11-02,"story intact, price broken",A,@drawandstrike,filtered,"price broken since the call (-17% vs S&P, below 20-day avg, still lagging)",57,65,large,0.85,,,0.5035,0.5924,,,128.1343,2x ATR(14),6.6,65.0,"½ back to 52-wk high (+79%) + ½ analyst mean (+61%, capped 50)",9.8,1.0,23.0
70,MSTR,Strategy (MicroStrategy),gain,Crypto cycle & treasury proxies,P09,BTC new high / ZEC breakout,rolling; Polymarket: BTC >$100k in Oct 9.5%,0.363,0.48,first_order,weeks,0.362,-4.8,0.0,-4.8,2026-09-21 11:18,@wliang,63.95,3479.1,Leveraged BTC proxy; financing risk,2026-09-21,168.5,2026-10-05,160.3301,USD,1.4254399538040161,1.4254399538040161,240.18663221597672,228.54093033739326,201.53483006061316,-8.1699,952.0,1000.0,0.309,24,0.731,"2.5 independent (4 accts, 1 copycat, 6 quote/reply posts) · late: ran +49% before post · Polymarket 49.5%",2.45,4,1,8,6,48.6,False,,49.5% BTC hits $95k in 2026,0.225,62,0.28,172.0,analyst high target (15 analysts),48.0,128.2,48.0,15.0,8.1,1.09,2026-10-29,earnings (Yahoo date),23.0,1.0,-4.9,1.0,0.0,0.164,0.825,1.0,0.505,0.36,"$64B company, directly exposed to Crypto cycle & treasury proxies; down 56% from its 52-week high (+128% to get back); analysts' average target +48%",BTC new high / ZEC breakout; first test: earnings (Yahoo date) 2026-10-29,late call,D,@wliang,filtered,late call: ran +49% vs S&P in the month before,65,71,large,0.85,,,0.3623,0.4262,,,141.3843,2x ATR(14),11.9,74.0,"½ back to 52-wk high (+128%, capped 100) + ½ analyst mean (+48%)",6.22,1.0,10.0
71,000660.KS,SK hynix,gain,AI memory supercycle,P02,DRAM/HBM contract prices keep rising; long-term capacity deals,"Samsung/SK hynix Q3 (late Oct 2026); MU FQ1 (mid-Dec 2026, TBC)",0.482,0.51,first_order,years,0.271,-0.6,0.9,-1.5,2026-09-08 11:37,@aleabitoreddit,916.36,5993.2,Memory is cyclical; capacity additions or AI capex pause would reverse pricing,2026-09-09,1853000.0,2026-10-02,1841000.0,KRW,1.4254399538040161,0.0010621678657723663,1968.1970552761948,1955.4510408869262,1798.8571498491194,-12000.0,994.0,1009.0,0.337,19,0.623,"1.2 independent (4 accts, 2 copycats, 5 quote/reply posts) · late: ran +32% before post",1.25,4,2,6,5,31.65,False,,,0.21,67,0.3287,188.0,analyst high target (38 analysts),71.0,62.2,70.6,38.0,,,2026-10-27,earnings (Yahoo date),21.0,1.0,3.4,1.0,0.0,0.181,0.798,1.0,0.92,0.3,"$916B company, directly exposed to AI memory supercycle; down 38% from its 52-week high (+62% to get back); analysts' average target +71%; price turning up (above 20-day avg, +3.4% vs S&P in 10 days)",DRAM/HBM contract prices keep rising; long-term capacity deals; first test: earnings (Yahoo date) 2026-10-27,late call,D,@aleabitoreddit,filtered,late call: ran +32% vs S&P in the month before,63,70,mega,0.6,,,0.2707,0.4511,,,1693571.4286,2x ATR(14),8.0,56.0,"½ back to 52-wk high (+62%) + ½ analyst mean (+71%, capped 50)",7.01,1.0,15.0
