rank,handle,source,watch,watch_score,posts,first_post,last_post,jev.testable,jev.predictions,jev.factual,jev.opinion,daily.tickers_priced,daily.avg_excess_vs_spy_pct,daily.median_excess_vs_spy_pct,daily.pct_beat_spy,daily.best,daily.worst,intraday.5m.n,intraday.5m.mean_excess_pct,intraday.5m.median_excess_pct,intraday.5m.hit_rate_pct,intraday.15m.n,intraday.15m.mean_excess_pct,intraday.15m.median_excess_pct,intraday.15m.hit_rate_pct,intraday.1h.n,intraday.1h.mean_excess_pct,intraday.1h.median_excess_pct,intraday.1h.hit_rate_pct,intraday.1d.n,intraday.1d.mean_excess_pct,intraday.1d.median_excess_pct,intraday.1d.hit_rate_pct,intraday.close.n,intraday.close.mean_excess_pct,intraday.close.median_excess_pct,intraday.close.hit_rate_pct,intraday_rows,intraday_intervals,narratives
1,VanIsleInvestor,x,True,0.25,6,2026-09-16,2026-10-01,0,1,4,0,4,1.3,0.9,75.0,CVE +4.2,SCR -0.8,4,0.553,0.383,100.0,4,0.774,0.874,100.0,4,0.569,0.536,75.0,4,-0.831,-0.491,50.0,4,0.147,-0.091,50.0,4,1m:4,E06(4); N08(2)
2,bdinvestingg,x,True,0.201,1,2026-09-07,2026-09-07,0,0,1,0,7,3.9,3.1,57.0,CRDO +29.8,VRT -13.8,6,0.099,0.157,66.7,6,-0.342,0.3,66.7,6,3.139,1.789,83.3,6,0.795,0.271,50.0,6,1.956,1.658,66.7,7,1m:7,N03(1)
3,MMatters22596,x,True,0.2,1,2026-09-23,2026-09-23,0,0,0,1,5,-0.6,0.3,60.0,MRVL +4.2,RIVN -5.0,5,0.488,0.409,100.0,5,0.418,0.439,100.0,5,0.382,0.376,80.0,5,0.577,0.568,80.0,5,0.409,1.198,80.0,5,1m:5,N14(1)
4,Speculator_io,x,True,0.167,1,2026-09-07,2026-09-07,0,1,0,0,50,4.4,3.1,64.0,VICR +59.3,UEC -22.3,49,0.511,0.454,75.5,49,0.231,0.311,63.3,49,1.752,1.385,69.4,49,2.42,0.869,65.3,49,2.457,1.694,71.4,50,1m:50,N03(1)
5,Henderson014t,x,True,0.166,1,2026-09-07,2026-09-07,0,0,1,0,6,-3.5,3.8,50.0,INTC +13.7,UUUU -27.1,6,0.756,1.071,66.7,6,0.721,0.809,83.3,6,2.161,2.7,83.3,6,2.232,1.757,83.3,6,2.15,3.647,83.3,6,1m:6,N04(1)
6,Sam67024298780,x,True,0.166,1,2026-09-26,2026-09-26,0,1,0,0,3,6.8,1.7,100.0,LITE +17.3,MU +1.5,3,-0.281,-0.821,33.3,3,-1.267,-1.408,33.3,3,-2.331,-2.31,33.3,3,0.744,-0.42,33.3,3,-1.346,-1.647,33.3,3,1m:3,N01(1)
7,outliercapx,x,True,0.165,1,2026-09-21,2026-09-21,0,1,0,0,6,9.4,14.2,83.0,IQE +21.1,SIVE -6.5,6,0.012,-0.075,50.0,6,-0.271,-0.325,33.3,6,0.355,-0.064,50.0,6,0.937,1.721,66.7,6,-0.341,-0.187,50.0,6,1m:6,N01(1)
8,ParadisLabs,x,True,0.134,2,2026-09-02,2026-09-08,0,0,2,0,15,13.7,10.3,80.0,BE +32.5,AMZN -2.6,15,-0.048,-0.032,46.7,15,0.035,0.021,53.3,15,-0.162,-0.066,46.7,15,0.293,-0.446,46.7,15,-0.447,-0.173,46.7,15,1m:10 5m:5,N03(2)
9,LongGameEquity,x,True,0.125,1,2026-09-06,2026-09-06,0,0,1,0,8,-0.1,1.3,50.0,AMD +24.8,CEG -14.4,8,0.734,0.838,75.0,8,0.55,0.569,75.0,8,1.401,2.013,75.0,8,1.437,1.174,75.0,8,2.414,3.199,75.0,8,1m:8,N03(1)
10,JudeClimacus,x,True,0.1,3,2026-09-17,2026-09-30,1,1,2,0,5,0.6,0.8,60.0,PGLD.V +8.5,ENB -6.6,5,0.249,0.018,60.0,5,0.419,0.007,60.0,5,0.01,0.1,60.0,5,1.035,0.954,60.0,5,0.157,0.033,60.0,5,1m:5,N08(1); N09(1); E06(1)
11,stark0xbt,x,True,0.002,1,2026-09-25,2026-09-25,0,1,0,0,3,5.7,7.3,67.0,LRCX +10.4,MU -0.5,3,-0.038,-0.016,33.3,3,-0.102,-0.093,0.0,3,-0.12,-0.124,33.3,3,0.366,0.693,66.7,3,-0.001,-0.007,33.3,3,1m:3,N02(1)
12,AzazelNews (Telegram),telegram,False,-0.008,617,,,,,,,0,,,,,,94,0.25,-0.029,47.9,94,0.344,0.043,58.5,730,-0.01,-0.037,49.2,729,0.633,0.11,50.9,730,0.077,-0.021,49.3,785,1m:42 5m:55 60m:643,
13,BubleQe,x,True,-0.035,25,2026-08-27,2026-10-01,2,7,10,8,23,-2.4,-1.3,43.0,TOU.TO +4.0,SCR.TO -10.2,26,0.211,0.05,65.4,26,0.197,0.03,53.8,26,0.007,-0.037,50.0,24,-0.575,-0.566,29.2,26,0.178,-0.148,42.3,26,1m:23 5m:3,E06(23); N08(2)
14,aleabitoreddit,x,False,-0.047,8,2026-09-08,2026-10-02,2,3,4,1,41,-0.3,0.1,51.0,SMTC +14.9,SLNH -14.7,38,0.066,0.023,55.3,38,-0.14,-0.033,44.7,38,-0.308,-0.249,39.5,37,0.321,0.218,51.4,38,0.033,0.184,52.6,45,1m:43,N02(3); N03(3); E01(1); N01(1)
15,wliang,x,False,-0.158,6,2026-09-20,2026-09-30,0,3,0,1,20,-2.9,0.0,45.0,AAOI +18.9,CYPH -26.3,17,0.461,0.075,64.7,17,-0.081,-0.141,41.2,17,-1.083,-1.233,23.5,17,-0.231,0.026,52.9,17,-0.834,-1.086,29.4,23,1m:23,N10(4); N14(1); E07(1)
16,joinautopilot,x,False,-0.191,9,2026-09-02,2026-09-30,0,0,8,1,37,-1.9,-3.5,24.0,TER +18.2,IREN -11.5,37,-0.218,-0.177,24.3,37,-0.009,-0.053,45.9,37,-0.364,-0.357,37.8,37,-1.587,-1.746,24.3,37,-1.236,-1.25,21.6,37,1m:37,E05(3); N12(2); N03(1); N06(1); N11(1); N07(1)
17,NoLimitGains,x,False,-0.25,6,2026-09-03,2026-09-28,0,1,4,1,4,-1.9,-1.3,0.0,META -1.3,WMT -3.3,4,0.044,0.002,50.0,4,-0.125,-0.103,25.0,4,0.004,0.01,50.0,4,-0.078,-0.925,25.0,4,0.16,-0.548,25.0,4,1m:4,N14(2); E03(2); N06(1); E07(1)
18,FinanceLancelot,x,False,,4,2026-09-13,2026-09-28,1,2,0,1,0,,,,,,,,,,,,,,,,,,,,,,,,,,0,,E02(2); E03(2)
19,aj_geo_analysis,x,False,,2,2026-09-14,2026-09-29,1,2,0,0,0,,,,,,,,,,,,,,,,,,,,,,,,,,0,,E07(2)
20,BobbyBetBot,x,False,,2,2026-09-24,2026-09-24,2,2,0,0,0,,,,,,,,,,,,,,,,,,,,,,,,,,0,,X00(2)
21,KyleReidhead,x,False,,2,2026-09-24,2026-09-25,2,2,0,0,2,7.1,7.1,100.0,SPCX +7.1,SPCX +7.1,2,-0.153,-0.153,50.0,2,-0.29,-0.29,0.0,2,-0.865,-0.865,0.0,2,-0.745,-0.745,50.0,2,0.01,0.01,50.0,2,1m:2,N05(2)
22,0x_Discover,x,False,,1,2026-09-07,2026-09-07,1,1,0,0,0,,,,,,,,,,,,,,,,,,,,,,,,,,0,,N05(1)
23,aifinancelabs,x,False,,1,2026-09-16,2026-09-16,0,0,1,0,0,,,,,,,,,,,,,,,,,,,,,,,,,,0,,E03(1)
24,amitisinvesting,x,False,,1,2026-09-21,2026-09-21,0,0,0,1,1,-2.3,-2.3,0.0,GRAB -2.3,GRAB -2.3,1,1.697,1.697,100.0,1,2.717,2.717,100.0,1,1.344,1.344,100.0,1,6.062,6.062,100.0,1,4.017,4.017,100.0,1,1m:1,N14(1)
25,Barchart,x,False,,1,2026-09-22,2026-09-22,0,1,0,0,1,-9.1,-9.1,0.0,CRML -9.1,CRML -9.1,1,-4.216,-4.216,0.0,1,-2.49,-2.49,0.0,1,-5.705,-5.705,0.0,1,-2.773,-2.773,0.0,1,-8.05,-8.05,0.0,1,1m:1,N07(1)
26,BOEReport,x,False,,1,2026-09-02,2026-09-02,0,0,1,0,0,,,,,,,,,,,,,,,,,,,,,,,,,,0,,E06(1)
27,citrini,x,False,,1,2026-09-07,2026-09-07,0,0,1,0,0,,,,,,1,-0.735,-0.735,0.0,1,-1.692,-1.692,0.0,1,-4.115,-4.115,0.0,1,-5.478,-5.478,0.0,1,-2.292,-2.292,0.0,1,1m:1,N14(1)
28,CopperBullish,x,False,,1,2026-09-25,2026-09-25,1,1,0,0,0,,,,,,,,,,,,,,,,,,,,,,,,,,0,,N09(1)
29,corleoneinvests,x,False,,1,2026-09-07,2026-09-07,1,1,0,0,1,2.4,2.4,100.0,HIMS +2.4,HIMS +2.4,1,0.236,0.236,100.0,1,0.899,0.899,100.0,1,1.643,1.643,100.0,1,1.518,1.518,100.0,1,1.987,1.987,100.0,1,1m:1,N14(1)
30,DekmarTrades,x,False,,1,2026-09-18,2026-09-18,0,0,1,0,1,-11.7,-11.7,0.0,XRTX -11.7,XRTX -11.7,1,3.154,3.154,100.0,1,-3.535,-3.535,0.0,1,-20.847,-20.847,0.0,1,-16.441,-16.441,0.0,1,-13.543,-13.543,0.0,1,1m:1,N14(1)
31,Djd00201,x,False,,1,2026-09-15,2026-09-15,0,0,0,1,1,0.3,0.3,100.0,TRMLF +0.3,TRMLF +0.3,1,-0.541,-0.541,0.0,1,-1.34,-1.34,0.0,1,-1.756,-1.756,0.0,1,-4.22,-4.22,0.0,1,-3.67,-3.67,0.0,1,1m:1,E06(1)
32,DJTRadar,x,False,,1,2026-09-07,2026-09-07,0,0,1,0,1,-8.0,-8.0,0.0,LII -8.0,LII -8.0,1,-0.03,-0.03,0.0,1,-0.57,-0.57,0.0,1,-1.215,-1.215,0.0,1,-3.151,-3.151,0.0,1,-1.246,-1.246,0.0,2,1m:1,E11(1)
33,drawandstrike,x,False,,1,2026-09-01,2026-09-01,0,0,1,0,0,,,,,,,,,,,,,,,,,,,,,,,,,,0,,N04(1)
34,DudeWhoInvests,x,False,,1,2026-09-24,2026-09-24,0,0,1,0,2,-3.9,-1.0,0.0,AAPL -1.0,META -6.7,2,0.123,0.123,50.0,2,-0.189,-0.189,50.0,2,0.497,0.497,100.0,2,-0.571,-0.571,50.0,2,0.879,0.879,50.0,2,1m:2,N06(1)
35,elonmusk,x,False,,1,2026-09-03,2026-09-03,0,0,1,0,0,,,,,,,,,,,,,,,,,,,,,,,,,,0,,N07(1)
36,ExnerPirot,x,False,,1,2026-09-23,2026-09-23,0,0,0,1,0,,,,,,,,,,,,,,,,,,,,,,,,,,0,,N04(1)
37,FemmyYohana,x,False,,1,2026-09-21,2026-09-21,0,1,0,0,1,3.4,3.4,100.0,NVDA +3.4,NVDA +3.4,1,0.01,0.01,100.0,1,0.462,0.462,100.0,1,-0.047,-0.047,0.0,1,1.706,1.706,100.0,1,0.987,0.987,100.0,1,1m:1,N05(1)
38,fluffycrypt,x,False,,1,2026-09-07,2026-09-07,0,0,1,0,0,,,,,,,,,,,,,,,,,,,,,,,,,,0,,N10(1)
39,GoldTelegraph,x,False,,1,2026-09-21,2026-09-21,0,0,1,0,0,,,,,,,,,,,,,,,,,,,,,,,,,,0,,N09(1)
40,grok,x,False,,1,2026-09-20,2026-09-20,1,1,0,0,0,,,,,,,,,,,,,,,,,,,,,,,,,,0,,N09(1)
41,groyper_quant,x,False,,1,2026-09-01,2026-09-01,0,0,1,0,0,,,,,,,,,,,,,,,,,,,,,,,,,,0,,E07(1)
42,HealthRanger,x,False,,1,2026-09-13,2026-09-13,0,0,1,0,0,,,,,,,,,,,,,,,,,,,,,,,,,,0,,N06(1)
43,iamgingertrash,x,False,,1,2026-09-24,2026-09-24,0,0,0,1,0,,,,,,,,,,,,,,,,,,,,,,,,,,0,,E10(1)
44,jackprandelli,x,False,,1,2026-09-24,2026-09-24,0,1,0,0,0,,,,,,,,,,,,,,,,,,,,,,,,,,0,,E06(1)
45,Karmedge,x,False,,1,2026-09-20,2026-09-20,1,1,0,0,0,,,,,,,,,,,,,,,,,,,,,,,,,,0,,N06(1)
46,KC_Invests,x,False,,1,2026-09-22,2026-09-22,1,1,0,0,1,-0.3,-0.3,0.0,SCR.TO -0.3,SCR.TO -0.3,1,-0.606,-0.606,0.0,1,-0.137,-0.137,0.0,1,-0.517,-0.517,0.0,1,-0.332,-0.332,0.0,1,-0.727,-0.727,0.0,1,1m:1,N08(1)
47,kevinnbass,x,False,,1,2026-09-14,2026-09-14,0,0,1,0,0,,,,,,,,,,,,,,,,,,,,,,,,,,0,,N06(1)
48,KirkLubimov,x,False,,1,2026-09-15,2026-09-15,0,0,1,0,0,,,,,,,,,,,,,,,,,,,,,,,,,,0,,E06(1)
49,KobeissiLetter,x,False,,1,2026-09-20,2026-09-20,0,0,1,0,1,5.2,5.2,100.0,BWET +5.2,BWET +5.2,1,-3.249,-3.249,0.0,1,-3.061,-3.061,0.0,1,-2.936,-2.936,0.0,1,-20.858,-20.858,0.0,1,-3.523,-3.523,0.0,1,1m:1,E07(1)
50,leevalueroach,x,False,,1,2026-09-07,2026-09-07,0,0,0,0,1,-9.9,-9.9,0.0,MCD -9.9,MCD -9.9,1,0.278,0.278,100.0,1,0.739,0.739,100.0,1,1.029,1.029,100.0,1,0.53,0.53,100.0,1,0.963,0.963,100.0,1,1m:1,N14(1)
51,Mark4XX,x,False,,1,2026-09-15,2026-09-15,0,0,1,0,0,,,,,,,,,,,,,,,,,,,,,,,,,,0,,E07(1)
52,mining,x,False,,1,2026-09-21,2026-09-21,0,0,1,0,0,,,,,,,,,,,,,,,,,,,,,,,,,,0,,N14(1)
53,MJTruthUltra,x,False,,1,2026-09-03,2026-09-03,0,0,1,0,0,,,,,,,,,,,,,,,,,,,,,,,,,,0,,E07(1)
54,nicksortor,x,False,,1,2026-09-16,2026-09-16,0,0,1,0,0,,,,,,,,,,,,,,,,,,,,,,,,,,0,,N13(1)
55,oguzerkan,x,False,,1,2026-09-22,2026-09-22,0,1,0,0,0,,,,,,,,,,,,,,,,,,,,,,,,,,0,,N09(1)
56,optionscjp,x,False,,1,2026-09-21,2026-09-21,0,1,0,0,2,-0.7,0.0,0.0,VST +0.0,META -1.3,2,0.033,0.033,50.0,2,0.111,0.111,100.0,2,0.573,0.573,50.0,2,-0.111,-0.111,50.0,2,0.3,0.3,50.0,2,1m:2,N04(1)
57,PathfinderAstro,x,False,,1,2026-03-10,2026-03-10,0,0,1,0,0,,,,,,,,,,,,,,,,,,,,,,,,,,0,,X01(1)
58,patientinvestor,x,False,,1,2026-09-20,2026-09-20,1,1,0,0,1,-2.3,-2.3,0.0,BN -2.3,BN -2.3,1,-1.305,-1.305,0.0,1,-1.752,-1.752,0.0,1,-1.526,-1.526,0.0,1,-1.997,-1.997,0.0,1,-1.628,-1.628,0.0,1,1m:1,E04(1)
59,Peter_Lukacs_R,x,False,,1,2026-09-22,2026-09-22,0,0,0,1,2,-0.8,1.2,50.0,TOU.TO +1.2,TPZ.TO -2.7,2,0.879,0.879,100.0,2,1.523,1.523,100.0,2,2.766,2.766,100.0,2,2.199,2.199,100.0,2,1.801,1.801,100.0,2,1m:2,E06(1)
60,Polymarket,x,False,,1,2026-09-08,2026-09-08,0,0,1,0,0,,,,,,,,,,,,,,,,,,,,,,,,,,0,,E05(1)
61,RKLBMan,x,False,,1,2026-09-08,2026-09-08,0,0,1,0,1,16.3,16.3,100.0,RKLB +16.3,RKLB +16.3,1,-0.304,-0.304,0.0,1,-0.328,-0.328,0.0,1,-4.1,-4.1,0.0,1,-7.184,-7.184,0.0,1,-6.149,-6.149,0.0,1,1m:1,N14(1)
62,RMC19861987,x,False,,1,2026-09-28,2026-09-28,0,0,1,0,0,,,,,,,,,,,,,,,,,,,,,,,,,,0,,N11(1)
63,RockBtmEntries,x,False,,1,2026-09-21,2026-09-21,0,1,0,0,1,-15.5,-15.5,0.0,MLP.V -15.5,MLP.V -15.5,1,1.967,1.967,100.0,1,1.578,1.578,100.0,1,5.435,5.435,100.0,1,6.593,6.593,100.0,1,10.82,10.82,100.0,1,1m:1,E07(1)
64,TheLongInvest,x,False,,1,2026-09-21,2026-09-21,0,0,0,0,1,-4.2,-4.2,0.0,HIMS -4.2,HIMS -4.2,1,-1.936,-1.936,0.0,1,-0.642,-0.642,0.0,1,1.566,1.566,100.0,1,-4.401,-4.401,0.0,1,1.712,1.712,100.0,1,1m:1,N14(1)
65,ThomBrady5,x,False,,1,2026-09-02,2026-09-02,0,0,0,1,0,,,,,,,,,,,,,,,,,,,,,,,,,,0,,N14(1)
66,tleilax___,x,False,,1,2026-09-21,2026-09-21,0,0,0,1,0,,,,,,,,,,,,,,,,,,,,,,,,,,0,,N09(1)
67,trackingcosts,x,False,,1,2026-09-20,2026-09-20,0,1,0,0,0,,,,,,,,,,,,,,,,,,,,,,,,,,0,,E07(1)
68,VonburyResearch,x,False,,1,2026-09-20,2026-09-20,0,0,0,1,0,,,,,,,,,,,,,,,,,,,,,,,,,,0,,E07(1)
69,wallstengine,x,False,,1,2026-09-28,2026-09-28,0,0,1,0,1,5.0,5.0,100.0,NVTS +5.0,NVTS +5.0,1,-6.489,-6.489,0.0,1,-6.14,-6.14,0.0,1,-7.186,-7.186,0.0,1,-8.721,-8.721,0.0,1,-8.025,-8.025,0.0,1,1m:1,N11(1)
70,WatcherGuru,x,False,,1,2026-09-03,2026-09-03,0,0,1,0,0,,,,,,,,,,,,,,,,,,,,,,,,,,0,,N10(1)
71,XRPenitentiary,x,False,,1,2026-09-23,2026-09-23,0,1,0,0,0,,,,,,,,,,,,,,,,,,,,,,,,,,0,,N10(1)
