source,handle,post_id,post_time_et,ticker,symbol,interval,post_in_session,base_time_et,base_price,ret_5m,ex_5m,ret_15m,ex_15m,ret_1h,ex_1h,ret_1d,ex_1d,ret_close,ex_close,vol_spike,vol_baseline_days,data_note
x,BubleQe,2092838532364832961,2026-08-27 00:56:03,AAV.TO,AAV.TO,5m,no,2026-08-27 09:30,11.34,1.411,1.544,-0.706,-0.795,-1.146,-1.299,-1.764,-1.878,-1.146,-1.477,4.2,17,
x,BubleQe,2092838532364832961,2026-08-27 00:56:03,KEL.TO,KEL.TO,5m,no,2026-08-27 09:30,10.72,0.840,0.972,0.093,0.004,1.213,1.060,0.093,-0.021,1.772,1.442,2.01,17,
x,BubleQe,2092838532364832961,2026-08-27 00:56:03,OVV,OVV,5m,no,2026-08-27 09:30,65.17,-1.281,-1.149,-1.519,-1.609,-1.274,-1.427,-0.859,-0.974,0.000,-0.331,0.5,17,
x,ParadisLabs,2095218977123270950,2026-09-02 14:35:06,AMZN,AMZN,5m,yes,2026-09-02 14:40,254.77,0.059,0.073,0.153,0.156,0.069,0.036,1.621,0.538,0.079,0.037,0.99,20,
x,ParadisLabs,2095218977123270950,2026-09-02 14:35:06,BE,BE,5m,yes,2026-09-02 14:40,211.92,0.649,0.663,1.489,1.491,2.204,2.171,10.943,9.860,2.529,2.487,1.7,20,
x,ParadisLabs,2095218977123270950,2026-09-02 14:35:06,CRDO,CRDO,5m,yes,2026-09-02 14:40,164.104,-0.325,-0.311,0.531,0.533,0.153,0.120,0.065,-1.018,0.808,0.766,7.75,20,
x,ParadisLabs,2095218977123270950,2026-09-02 14:35:06,INTC,INTC,5m,yes,2026-09-02 14:40,89.6,0.022,0.037,0.128,0.131,-0.034,-0.066,2.299,1.216,0.491,0.449,0.42,20,
x,ParadisLabs,2095218977123270950,2026-09-02 14:35:06,NBIS,NBIS,5m,yes,2026-09-02 14:40,203.2403,0.453,0.467,0.600,0.603,0.500,0.468,3.695,2.612,0.443,0.401,0.64,20,
x,NoLimitGains,2095594825961664607,2026-09-03 15:28:35,WMT,WMT,1m,yes,2026-09-03 15:29,108.695,0.014,0.014,-0.005,0.008,-0.189,-0.060,-1.431,-1.025,-0.225,-0.191,0.71,20,
x,LongGameEquity,2096652847064461672,2026-09-06 13:32:47,AMD,AMD,1m,no,2026-09-08 09:30,488.88,1.147,1.182,0.536,0.767,2.283,2.591,6.587,7.455,3.406,3.806,1.47,20,
x,LongGameEquity,2096652847064461672,2026-09-06 13:32:47,BE,BE,1m,no,2026-09-08 09:30,267.76,1.867,1.902,1.017,1.249,2.398,2.706,0.517,1.386,3.485,3.886,2.53,20,
x,LongGameEquity,2096652847064461672,2026-09-06 13:32:47,CEG,CEG,1m,no,2026-09-08 09:30,303.4,-0.125,-0.091,-1.421,-1.189,-0.877,-0.569,-3.105,-2.236,-1.463,-1.063,1.82,20,
x,LongGameEquity,2096652847064461672,2026-09-06 13:32:47,CRWV,CRWV,1m,no,2026-09-08 09:30,92.95,0.958,0.992,2.583,2.815,2.937,3.245,2.163,3.031,7.391,7.792,1.17,20,
x,LongGameEquity,2096652847064461672,2026-09-06 13:32:47,GEV,GEV,1m,no,2026-09-08 09:30,950.56,0.257,0.291,1.089,1.321,1.328,1.636,0.079,0.948,2.190,2.591,1.12,20,
x,LongGameEquity,2096652847064461672,2026-09-06 13:32:47,NBIS,NBIS,1m,no,2026-09-08 09:30,234.845,1.433,1.467,0.138,0.370,2.082,2.390,2.293,3.162,3.796,4.197,1.06,20,
x,LongGameEquity,2096652847064461672,2026-09-06 13:32:47,NVDA,NVDA,1m,no,2026-09-08 09:30,233.21,-0.588,-0.553,-1.477,-1.246,-2.259,-1.951,-4.078,-3.209,-3.190,-2.790,0.98,20,
x,LongGameEquity,2096652847064461672,2026-09-06 13:32:47,VST,VST,1m,no,2026-09-08 09:30,151.0,0.649,0.683,0.080,0.311,0.848,1.156,0.093,0.961,0.490,0.891,2.88,20,
x,leevalueroach,2096922259965252090,2026-09-07 07:23:20,MCD,MCD,1m,no,2026-09-08 09:30,254.39,0.244,0.278,0.507,0.739,0.721,1.029,-0.338,0.530,0.562,0.963,1.34,20,
x,DJTRadar,2096936312016142776,2026-09-07 08:19:10,LII,LII,1m,no,2026-09-08 09:30,391.63,-0.065,-0.030,-0.802,-0.570,-1.523,-1.215,-4.019,-3.151,-1.647,-1.246,0.82,20,
x,DJTRadar,2096936312016142776,2026-09-07 08:19:10,X,X,,,,,,,,,,,,,,,,,no Yahoo bars for symbol (http 404)
x,Henderson014t,2096939718265250254,2026-09-07 08:32:42,BE,BE,1m,no,2026-09-08 09:30,267.76,1.867,1.902,1.017,1.249,2.398,2.706,0.517,1.386,3.485,3.886,2.53,20,
x,Henderson014t,2096939718265250254,2026-09-07 08:32:42,INTC,INTC,1m,no,2026-09-08 09:30,100.83,0.640,0.674,-0.228,0.003,2.425,2.733,5.356,6.224,3.580,3.981,1.65,20,
x,Henderson014t,2096939718265250254,2026-09-07 08:32:42,MU,MU,1m,no,2026-09-08 09:30,1036.835,-1.500,-1.466,-2.594,-2.362,-1.528,-1.220,-0.900,-0.031,-3.558,-3.158,1.25,20,
x,Henderson014t,2096939718265250254,2026-09-07 08:32:42,NBIS,NBIS,1m,no,2026-09-08 09:30,234.845,1.433,1.467,0.138,0.370,2.082,2.390,2.293,3.162,3.796,4.197,1.06,20,
x,Henderson014t,2096939718265250254,2026-09-07 08:32:42,OKLO,OKLO,1m,no,2026-09-08 09:30,42.06,2.069,2.103,2.972,3.203,3.354,3.663,1.260,2.129,3.008,3.408,1.47,20,
x,Henderson014t,2096939718265250254,2026-09-07 08:32:42,UUUU,UUUU,1m,no,2026-09-08 09:30,14.59,-0.178,-0.144,1.634,1.865,2.387,2.695,-0.343,0.526,0.185,0.586,0.9,20,
x,corleoneinvests,2096980537957093642,2026-09-07 11:14:54,HIMS,HIMS,1m,no,2026-09-08 09:30,27.73,0.202,0.236,0.667,0.899,1.334,1.643,0.649,1.518,1.587,1.987,0.52,20,
x,citrini,2097051644131516499,2026-09-07 15:57:27,UIS,UIS,1m,no,2026-09-08 09:30,2.6,-0.769,-0.735,-1.923,-1.692,-4.423,-4.115,-6.346,-5.478,-2.692,-2.292,0.99,20,
x,Speculator_io,2097096226206298453,2026-09-07 18:54:37,AAOI,AAOI,1m,no,2026-09-08 09:30,108.24,1.340,1.374,0.517,0.749,7.026,7.334,-0.296,0.573,2.961,3.361,0.91,20,
x,Speculator_io,2097096226206298453,2026-09-07 18:54:37,AEHR,AEHR,1m,no,2026-09-08 09:30,90.77,1.713,1.748,-0.115,0.116,1.421,1.729,5.310,6.179,0.012,0.413,2.39,20,
x,Speculator_io,2097096226206298453,2026-09-07 18:54:37,AMD,AMD,1m,no,2026-09-08 09:30,488.88,1.147,1.182,0.536,0.767,2.283,2.591,6.587,7.455,3.406,3.806,1.47,20,
x,Speculator_io,2097096226206298453,2026-09-07 18:54:37,AMZN,AMZN,1m,no,2026-09-08 09:30,256.76,0.053,0.087,0.183,0.415,-0.630,-0.322,-1.667,-0.798,0.078,0.478,0.98,20,
x,Speculator_io,2097096226206298453,2026-09-07 18:54:37,APLD,APLD,1m,no,2026-09-08 09:30,27.195,1.371,1.405,1.636,1.868,3.052,3.360,-0.202,0.666,4.100,4.500,1.43,20,
x,Speculator_io,2097096226206298453,2026-09-07 18:54:37,ARM,ARM,1m,no,2026-09-08 09:30,261.41,0.023,0.058,-1.572,-1.341,-1.611,-1.302,1.040,1.909,-0.031,0.370,1.4,20,
x,Speculator_io,2097096226206298453,2026-09-07 18:54:37,ASML,ASML,1m,no,2026-09-08 09:30,1774.615,-0.320,-0.285,-0.981,-0.750,-1.105,-0.797,-2.595,-1.726,-0.460,-0.059,1.63,20,
x,Speculator_io,2097096226206298453,2026-09-07 18:54:37,AVGO,AVGO,1m,no,2026-09-08 09:30,363.725,1.314,1.348,0.314,0.545,1.609,1.917,0.191,1.060,1.294,1.694,1.75,20,
x,Speculator_io,2097096226206298453,2026-09-07 18:54:37,AXTI,AXTI,1m,no,2026-09-08 09:30,64.48,0.233,0.267,-3.365,-3.134,4.024,4.333,6.855,7.723,7.832,8.232,1.24,20,
x,Speculator_io,2097096226206298453,2026-09-07 18:54:37,BE,BE,1m,no,2026-09-08 09:30,267.76,1.867,1.902,1.017,1.249,2.398,2.706,0.517,1.386,3.485,3.886,2.53,20,
x,Speculator_io,2097096226206298453,2026-09-07 18:54:37,BWXT,BWXT,1m,no,2026-09-08 09:30,158.0,0.870,0.905,0.889,1.121,0.690,0.998,-0.741,0.128,1.532,1.932,0.97,20,
x,Speculator_io,2097096226206298453,2026-09-07 18:54:37,CCJ,CCJ,1m,no,2026-09-08 09:30,102.495,-0.093,-0.058,0.746,0.978,1.077,1.385,-2.015,-1.146,-0.502,-0.102,0.81,20,
x,Speculator_io,2097096226206298453,2026-09-07 18:54:37,CEG,CEG,1m,no,2026-09-08 09:30,303.4,-0.125,-0.091,-1.421,-1.189,-0.877,-0.569,-3.105,-2.236,-1.463,-1.063,1.82,20,
x,Speculator_io,2097096226206298453,2026-09-07 18:54:37,COHR,COHR,1m,no,2026-09-08 09:30,281.05,3.241,3.276,3.188,3.420,9.906,10.214,7.967,8.835,7.412,7.812,0.84,20,
x,Speculator_io,2097096226206298453,2026-09-07 18:54:37,CRWV,CRWV,1m,no,2026-09-08 09:30,92.95,0.958,0.992,2.583,2.815,2.937,3.245,2.163,3.031,7.391,7.792,1.17,20,
x,Speculator_io,2097096226206298453,2026-09-07 18:54:37,DELL,DELL,1m,no,2026-09-08 09:30,521.15,0.163,0.198,-0.476,-0.244,0.764,1.072,2.744,3.612,2.368,2.768,0.68,20,
x,Speculator_io,2097096226206298453,2026-09-07 18:54:37,DOCN,DOCN,1m,no,2026-09-08 09:30,113.93,1.940,1.974,0.945,1.177,3.063,3.372,16.466,17.335,11.121,11.521,0.98,20,
x,Speculator_io,2097096226206298453,2026-09-07 18:54:37,FCEL,FCEL,1m,no,2026-09-08 09:30,15.15,0.834,0.869,4.918,5.149,11.155,11.463,9.307,10.175,17.261,17.661,0.94,20,
x,Speculator_io,2097096226206298453,2026-09-07 18:54:37,FPS,FPS,1m,no,2026-09-08 09:30,32.17,-0.342,-0.307,-1.741,-1.509,-1.772,-1.464,-3.668,-2.799,0.466,0.867,1.29,20,
x,Speculator_io,2097096226206298453,2026-09-07 18:54:37,FSLY,FSLY,1m,no,2026-09-08 09:30,20.35,1.278,1.312,2.457,2.688,2.162,2.470,11.671,12.539,5.651,6.052,0.7,20,
x,Speculator_io,2097096226206298453,2026-09-07 18:54:37,GEV,GEV,1m,no,2026-09-08 09:30,950.56,0.257,0.291,1.089,1.321,1.328,1.636,0.079,0.948,2.190,2.591,1.12,20,
x,Speculator_io,2097096226206298453,2026-09-07 18:54:37,GLW,GLW,1m,no,2026-09-08 09:30,159.24,1.221,1.256,0.678,0.910,4.220,4.528,5.796,6.665,4.239,4.639,1.84,20,
x,Speculator_io,2097096226206298453,2026-09-07 18:54:37,GOOGL,GOOGL,1m,no,2026-09-08 09:30,335.38,0.191,0.225,-0.021,0.211,-0.224,0.085,-1.413,-0.545,0.909,1.310,1.33,20,
x,Speculator_io,2097096226206298453,2026-09-07 18:54:37,GTLB,GTLB,1m,no,2026-09-08 09:30,48.77,-1.835,-1.801,-2.563,-2.332,-2.963,-2.655,-5.024,-4.155,-3.342,-2.942,0.53,20,
x,Speculator_io,2097096226206298453,2026-09-07 18:54:37,HPE,HPE,1m,no,2026-09-08 09:30,52.29,2.094,2.129,0.507,0.738,4.628,4.936,12.632,13.500,7.171,7.572,1.27,20,
x,Speculator_io,2097096226206298453,2026-09-07 18:54:37,INTC,INTC,1m,no,2026-09-08 09:30,100.83,0.640,0.674,-0.228,0.003,2.425,2.733,5.356,6.224,3.580,3.981,1.65,20,
x,Speculator_io,2097096226206298453,2026-09-07 18:54:37,IREN,IREN,1m,no,2026-09-08 09:30,46.24,1.298,1.332,2.044,2.275,2.909,3.217,-1.914,-1.045,1.492,1.893,1.24,20,
x,Speculator_io,2097096226206298453,2026-09-07 18:54:37,LITE,LITE,1m,no,2026-09-08 09:30,897.56,0.203,0.238,0.057,0.288,7.678,7.986,10.135,11.004,8.989,9.389,0.93,20,
x,Speculator_io,2097096226206298453,2026-09-07 18:54:37,META,META,1m,no,2026-09-08 09:30,615.875,0.792,0.827,0.460,0.692,0.054,0.363,6.095,6.964,-0.416,-0.016,0.68,20,
x,Speculator_io,2097096226206298453,2026-09-07 18:54:37,MRVL,MRVL,1m,no,2026-09-08 09:30,226.98,0.419,0.454,-1.053,-0.822,0.899,1.207,3.538,4.406,-0.670,-0.269,1.02,20,
x,Speculator_io,2097096226206298453,2026-09-07 18:54:37,MU,MU,1m,no,2026-09-08 09:30,1036.835,-1.500,-1.466,-2.594,-2.362,-1.528,-1.220,-0.900,-0.031,-3.558,-3.158,1.25,20,
x,Speculator_io,2097096226206298453,2026-09-07 18:54:37,NBIS,NBIS,1m,no,2026-09-08 09:30,234.845,1.433,1.467,0.138,0.370,2.082,2.390,2.293,3.162,3.796,4.197,1.06,20,
x,Speculator_io,2097096226206298453,2026-09-07 18:54:37,NET,NET,1m,no,2026-09-08 09:30,278.12,0.248,0.283,0.090,0.321,0.604,0.912,13.002,13.870,2.164,2.565,0.67,20,
x,Speculator_io,2097096226206298453,2026-09-07 18:54:37,NOW,NOW,1m,no,2026-09-08 09:30,136.72,-1.660,-1.626,-1.792,-1.560,-2.143,-1.835,-4.111,-3.242,-1.829,-1.428,1.27,20,
x,Speculator_io,2097096226206298453,2026-09-07 18:54:37,NVDA,NVDA,1m,no,2026-09-08 09:30,233.21,-0.588,-0.553,-1.477,-1.246,-2.259,-1.951,-4.078,-3.209,-3.190,-2.790,0.98,20,
x,Speculator_io,2097096226206298453,2026-09-07 18:54:37,NVTS,NVTS,1m,no,2026-09-08 09:30,12.1999,-0.574,-0.539,-1.516,-1.284,1.722,2.030,-5.081,-4.213,-1.679,-1.279,0.68,20,
x,Speculator_io,2097096226206298453,2026-09-07 18:54:37,ORCL,ORCL,1m,no,2026-09-08 09:30,167.6,-0.263,-0.228,-0.794,-0.562,-2.661,-2.353,-3.526,-2.658,-3.031,-2.631,3.24,20,
x,Speculator_io,2097096226206298453,2026-09-07 18:54:37,PLTR,PLTR,1m,no,2026-09-08 09:30,173.102,0.747,0.781,-0.146,0.086,-0.567,-0.259,-2.075,-1.206,-1.625,-1.224,0.55,20,
x,Speculator_io,2097096226206298453,2026-09-07 18:54:37,PWR,PWR,1m,no,2026-09-08 09:30,631.79,0.184,0.219,-0.243,-0.011,0.844,1.152,-0.734,0.135,1.154,1.554,0.57,20,
x,Speculator_io,2097096226206298453,2026-09-07 18:54:37,SKHY,000660.KS,1m,no,2026-09-07 20:00,1799000.0,-0.945,,0.945,,3.224,,3.057,,0.667,,0.94,20,SPY not trading at base
x,Speculator_io,2097096226206298453,2026-09-07 18:54:37,SNDK,SNDK,1m,no,2026-09-08 09:30,1769.4301,0.231,0.265,-1.434,-1.203,0.290,0.599,-0.321,0.548,-1.785,-1.384,1.1,20,
x,Speculator_io,2097096226206298453,2026-09-07 18:54:37,SNOW,SNOW,1m,no,2026-09-08 09:30,333.59,1.467,1.502,1.268,1.500,1.389,1.698,-0.635,0.233,0.629,1.030,0.97,20,
x,Speculator_io,2097096226206298453,2026-09-07 18:54:37,SPCX,SPCX,1m,no,2026-09-08 09:30,148.995,-2.265,-2.231,-1.950,-1.718,-0.775,-0.467,-0.963,-0.095,2.993,3.394,0.88,20,
x,Speculator_io,2097096226206298453,2026-09-07 18:54:37,TSLA,TSLA,1m,no,2026-09-08 09:30,357.27,1.146,1.181,0.112,0.344,1.707,2.016,2.947,3.816,3.014,3.415,1.58,20,
x,Speculator_io,2097096226206298453,2026-09-07 18:54:37,TSM,TSM,1m,no,2026-09-08 09:30,438.02,0.381,0.416,-0.584,-0.353,-0.729,-0.421,-0.591,0.277,0.226,0.626,2.03,20,
x,Speculator_io,2097096226206298453,2026-09-07 18:54:37,UEC,UEC,1m,no,2026-09-08 09:30,11.6,0.431,0.466,2.328,2.559,3.233,3.541,0.000,0.869,2.457,2.857,0.73,20,
x,Speculator_io,2097096226206298453,2026-09-07 18:54:37,VICR,VICR,1m,no,2026-09-08 09:30,191.59,0.877,0.911,-0.089,0.143,-0.412,-0.104,-3.962,-3.093,0.908,1.309,0.71,20,
x,Speculator_io,2097096226206298453,2026-09-07 18:54:37,VRT,VRT,1m,no,2026-09-08 09:30,285.0,0.042,0.077,0.275,0.507,1.212,1.520,-7.800,-6.931,2.025,2.425,1.2,20,
x,Speculator_io,2097096226206298453,2026-09-07 18:54:37,VST,VST,1m,no,2026-09-08 09:30,151.0,0.649,0.683,0.080,0.311,0.848,1.156,0.093,0.961,0.490,0.891,2.88,20,
x,Speculator_io,2097096226206298453,2026-09-07 18:54:37,WDC,WDC,1m,no,2026-09-08 09:30,479.45,-0.380,-0.345,-2.949,-2.717,-0.626,-0.318,0.636,1.504,-0.461,-0.060,0.82,20,
x,bdinvestingg,2097124003445944508,2026-09-07 20:44:59,AAOI,AAOI,1m,no,2026-09-08 09:30,108.24,1.340,1.374,0.517,0.749,7.026,7.334,-0.296,0.573,2.961,3.361,0.91,20,
x,bdinvestingg,2097124003445944508,2026-09-07 20:44:59,CRDO,CRDO,1m,no,2026-09-08 09:30,170.545,-0.349,-0.314,-1.774,-1.542,1.750,2.058,-1.674,-0.805,-1.574,-1.174,1.88,20,
x,bdinvestingg,2097124003445944508,2026-09-07 20:44:59,LITE,LITE,1m,no,2026-09-08 09:30,897.56,0.203,0.238,0.057,0.288,7.678,7.986,10.135,11.004,8.989,9.389,0.93,20,
x,bdinvestingg,2097124003445944508,2026-09-07 20:44:59,MU,MU,1m,no,2026-09-08 09:30,1036.835,-1.500,-1.466,-2.594,-2.362,-1.528,-1.220,-0.900,-0.031,-3.558,-3.158,1.25,20,
x,bdinvestingg,2097124003445944508,2026-09-07 20:44:59,SKHY,000660.KS,1m,yes,2026-09-07 20:45,1834000.0,0.654,,1.254,,1.091,,1.091,,-1.254,,1.3,20,SPY not trading at base
x,bdinvestingg,2097124003445944508,2026-09-07 20:44:59,VRT,VRT,1m,no,2026-09-08 09:30,285.0,0.042,0.077,0.275,0.507,1.212,1.520,-7.800,-6.931,2.025,2.425,1.2,20,
x,bdinvestingg,2097124003445944508,2026-09-07 20:44:59,VST,VST,1m,no,2026-09-08 09:30,151.0,0.649,0.683,0.080,0.311,0.848,1.156,0.093,0.961,0.490,0.891,2.88,20,
x,joinautopilot,2097320375306641499,2026-09-08 09:45:18,GFS,GFS,1m,yes,2026-09-08 09:46,45.63,-0.274,-0.227,0.110,0.125,0.668,0.761,0.701,1.380,-1.161,-0.952,0.6,20,
x,joinautopilot,2097320375306641499,2026-09-08 09:45:18,IBM,IBM,1m,yes,2026-09-08 09:46,231.48,0.183,0.230,-0.069,-0.053,0.043,0.135,3.659,4.338,0.279,0.488,0.72,20,
x,joinautopilot,2097320375306641499,2026-09-08 09:45:18,INFQ,INFQ,1m,yes,2026-09-08 09:46,13.8801,0.035,0.082,0.720,0.735,0.468,0.560,-4.431,-3.753,-1.514,-1.304,1.04,20,
x,joinautopilot,2097320375306641499,2026-09-08 09:45:18,QBTS,QBTS,1m,yes,2026-09-08 09:46,18.035,0.416,0.463,0.416,0.431,-0.360,-0.268,-5.046,-4.367,-1.941,-1.731,2.18,20,
x,joinautopilot,2097320375306641499,2026-09-08 09:45:18,RGTI,RGTI,1m,yes,2026-09-08 09:46,16.57,-0.332,-0.285,-1.237,-1.222,-3.855,-3.763,-8.087,-7.408,-4.466,-4.256,3.12,20,
x,aleabitoreddit,2097348486635368686,2026-09-08 11:37:00,ESMT,3006.TW,1m,no,2026-09-08 21:00,300.0,-1.000,,1.833,,1.000,,3.000,,2.167,,1.18,20,SPY not trading at base
x,aleabitoreddit,2097348486635368686,2026-09-08 11:37:00,SNDK,SNDK,1m,yes,2026-09-08 11:38,1793.66,0.162,0.104,0.451,0.433,0.034,0.086,-1.667,-1.004,-3.111,-2.917,1.03,20,
x,joinautopilot,2097367860150485030,2026-09-08 12:53:59,APLD,APLD,1m,yes,2026-09-08 12:54,28.9835,-0.547,-0.485,-0.288,-0.329,-0.650,-0.710,-6.361,-5.711,-2.324,-2.143,1.49,20,
x,joinautopilot,2097367860150485030,2026-09-08 12:53:59,BE,BE,1m,yes,2026-09-08 12:54,281.185,0.092,0.154,0.445,0.404,0.567,0.508,-4.282,-3.632,-1.456,-1.275,3.13,20,
x,joinautopilot,2097367860150485030,2026-09-08 12:53:59,CRWV,CRWV,1m,yes,2026-09-08 12:54,103.962,-0.608,-0.546,0.152,0.111,-1.060,-1.119,-8.659,-8.009,-3.984,-3.804,2.53,20,
x,joinautopilot,2097367860150485030,2026-09-08 12:53:59,IREN,IREN,1m,yes,2026-09-08 12:54,48.48,-0.351,-0.289,-0.309,-0.350,-0.165,-0.224,-6.446,-5.796,-3.197,-3.017,1.07,20,
x,joinautopilot,2097367860150485030,2026-09-08 12:53:59,KEEL,KEEL,1m,yes,2026-09-08 12:54,3.835,-0.261,-0.199,-0.209,-0.250,0.159,0.100,-3.260,-2.610,-2.738,-2.557,0.53,20,
x,joinautopilot,2097367860150485030,2026-09-08 12:53:59,NBIS,NBIS,1m,yes,2026-09-08 12:54,253.76,-0.319,-0.257,-0.205,-0.246,-1.555,-1.614,-5.332,-4.682,-3.941,-3.760,1.73,20,
x,joinautopilot,2097367860150485030,2026-09-08 12:53:59,SEI,SEI,1m,yes,2026-09-08 12:54,64.32,-0.451,-0.389,0.086,0.044,-0.816,-0.875,5.115,5.765,-0.513,-0.333,6.0,20,
x,ParadisLabs,2097390046684811635,2026-09-08 14:22:09,ALAB,ALAB,1m,yes,2026-09-08 14:23,298.09,-0.416,-0.415,-1.137,-1.093,-1.394,-1.262,0.698,1.389,-3.096,-2.874,2.55,20,
x,ParadisLabs,2097390046684811635,2026-09-08 14:22:09,AMZN,AMZN,1m,yes,2026-09-08 14:23,256.8,0.006,0.007,0.082,0.126,0.095,0.227,-1.682,-0.991,0.062,0.285,0.56,20,
x,ParadisLabs,2097390046684811635,2026-09-08 14:22:09,ASML,ASML,1m,yes,2026-09-08 14:23,1769.39,-0.044,-0.043,-0.080,-0.036,0.091,0.223,-2.307,-1.615,-0.166,0.057,1.03,20,
x,ParadisLabs,2097390046684811635,2026-09-08 14:22:09,BE,BE,1m,yes,2026-09-08 14:23,281.86,0.098,0.099,-0.138,-0.094,-0.314,-0.182,-4.511,-3.819,-1.692,-1.469,1.79,20,
x,ParadisLabs,2097390046684811635,2026-09-08 14:22:09,CRDO,CRDO,1m,yes,2026-09-08 14:23,174.86,-0.463,-0.462,-0.721,-0.676,-1.724,-1.593,-4.100,-3.409,-4.003,-3.780,1.33,20,
x,ParadisLabs,2097390046684811635,2026-09-08 14:22:09,INTC,INTC,1m,yes,2026-09-08 14:23,104.98,-0.033,-0.032,-0.024,0.021,0.062,0.194,1.191,1.882,-0.514,-0.292,1.74,20,
x,ParadisLabs,2097390046684811635,2026-09-08 14:22:09,NBIS,NBIS,1m,yes,2026-09-08 14:23,247.78,-0.569,-0.568,-0.247,-0.203,-0.656,-0.524,-3.047,-2.355,-1.622,-1.400,1.26,20,
x,ParadisLabs,2097390046684811635,2026-09-08 14:22:09,PLTR,PLTR,1m,yes,2026-09-08 14:23,171.46,-0.128,-0.127,-0.338,-0.294,-0.630,-0.498,-1.137,-0.446,-0.682,-0.460,0.67,20,
x,ParadisLabs,2097390046684811635,2026-09-08 14:22:09,QCOM,QCOM,1m,yes,2026-09-08 14:23,175.77,-0.157,-0.155,-0.341,-0.297,-1.730,-1.598,0.370,1.062,-0.956,-0.733,8.81,20,
x,ParadisLabs,2097390046684811635,2026-09-08 14:22:09,TSM,TSM,1m,yes,2026-09-08 14:23,440.755,0.043,0.044,0.112,0.157,-0.276,-0.144,-1.208,-0.516,-0.396,-0.173,1.1,20,
x,RKLBMan,2097485182177878278,2026-09-08 20:40:11,RKLB,RKLB,1m,no,2026-09-09 09:30,67.35,-0.299,-0.304,-0.371,-0.328,-4.113,-4.100,-7.995,-7.184,-6.370,-6.149,1.6,20,
x,BubleQe,2097805442961555650,2026-09-09 17:52:47,TOU.TO,TOU.TO,1m,no,2026-09-10 09:30,62.93,-0.365,-0.330,-0.747,-0.761,-1.764,-1.854,-2.479,-3.290,-0.953,-0.934,0.72,20,
x,aleabitoreddit,2099459235419656373,2026-09-14 07:24:22,IREN,IREN,1m,no,2026-09-14 09:30,41.95,3.659,3.701,2.062,2.008,3.909,3.930,-0.858,-0.650,2.908,2.675,1.29,20,
x,BubleQe,2099643959157158398,2026-09-14 19:38:24,XOM,XOM,1m,no,2026-09-15 09:30,165.36,0.502,0.659,1.125,1.147,1.143,1.490,-1.228,-0.432,2.377,2.731,0.6,20,
x,BubleQe,2099887789034836456,2026-09-15 11:47:17,TOU.TO,TOU.TO,1m,yes,2026-09-15 11:48,63.8,0.039,0.055,0.611,0.613,0.517,0.480,-5.110,-4.687,-0.110,-0.130,3.49,20,
x,Djd00201,2100014760146112762,2026-09-15 20:11:49,TRMLF,TOU.TO,1m,no,2026-09-16 09:30,63.32,-0.584,-0.541,-1.437,-1.340,-1.832,-1.756,-3.806,-4.220,-4.390,-3.670,1.75,20,
x,BubleQe,2100040774058651669,2026-09-15 21:55:12,TOU.TO,TOU.TO,1m,no,2026-09-16 09:30,63.32,-0.584,-0.541,-1.437,-1.340,-1.832,-1.756,-3.806,-4.220,-4.390,-3.670,1.75,20,
x,BubleQe,2100307555008594115,2026-09-16 15:35:17,SCR.TO,SCR.TO,1m,yes,2026-09-16 15:36,42.44,0.495,0.504,1.060,0.852,0.094,-0.985,1.107,-0.270,1.013,0.781,2.45,20,
x,BubleQe,2100307555008594115,2026-09-16 15:35:17,TOU.TO,TOU.TO,1m,yes,2026-09-16 15:36,60.5,0.083,0.092,0.265,0.056,1.091,0.012,0.678,-0.699,0.066,-0.167,1.64,20,
x,BubleQe,2100307555008594115,2026-09-16 15:35:17,TPZ.TO,TPZ.TO,1m,yes,2026-09-16 15:36,30.12,-0.017,-0.007,-0.133,-0.342,0.266,-0.814,0.266,-1.111,0.033,-0.199,1.11,20,
x,BubleQe,2100325906694930761,2026-09-16 16:48:12,AAV.TO,AAV.TO,1m,no,2026-09-17 09:30,10.07,0.298,0.531,0.894,1.185,1.092,1.286,0.894,1.093,1.788,1.849,0.51,20,
x,BubleQe,2100325906694930761,2026-09-16 16:48:12,BIR.TO,BIR.TO,1m,no,2026-09-17 09:30,6.18,0.485,0.719,1.456,1.747,1.618,1.811,1.780,1.979,1.942,2.003,0.51,20,
x,JudeClimacus,2100566654069379102,2026-09-17 08:44:51,ENB,ENB,1m,no,2026-09-17 09:30,48.365,0.300,0.533,0.446,0.737,0.372,0.566,0.755,0.954,0.806,0.868,0.55,20,
x,JudeClimacus,2100566654069379102,2026-09-17 08:44:51,SU,SU,1m,no,2026-09-17 09:30,68.46,0.599,0.832,1.095,1.386,0.584,0.778,1.366,1.565,1.504,1.566,0.78,20,
x,DekmarTrades,2100946959229993121,2026-09-18 09:56:03,XRTX,XRTX,1m,yes,2026-09-18 09:57,2.2499,3.080,3.154,-3.551,-3.535,-20.885,-20.847,-14.663,-16.441,-13.329,-13.543,392.92,20,
x,JudeClimacus,2100996521533534573,2026-09-18 13:13:00,SHEL,SHEL,1m,yes,2026-09-18 13:14,94.52,-0.064,-0.069,0.011,-0.016,0.000,-0.082,-1.323,-3.202,0.021,-0.292,0.75,20,
x,JudeClimacus,2100996521533534573,2026-09-18 13:13:00,TOU.TO,TOU.TO,1m,yes,2026-09-18 13:14,60.61,-0.066,-0.071,0.033,0.007,0.181,0.100,-1.303,-3.183,0.346,0.033,1.19,20,
x,KobeissiLetter,2101689337872257492,2026-09-20 11:06:00,BWET,BWET,1m,no,2026-09-21 09:30,855.0,-3.225,-3.249,-2.982,-3.061,-2.573,-2.936,-19.920,-20.858,-2.574,-3.523,1.32,20,
x,patientinvestor,2101726674224136232,2026-09-20 13:34:21,BN,BN,1m,no,2026-09-21 09:30,38.25,-1.281,-1.305,-1.673,-1.752,-1.163,-1.526,-1.059,-1.997,-0.680,-1.628,1.46,20,
x,wliang,2101837229886697930,2026-09-20 20:53:40,MU,MU,1m,no,2026-09-21 09:30,1044.75,0.335,0.311,1.496,1.417,-0.818,-1.181,4.770,3.831,-0.137,-1.086,1.29,20,
x,wliang,2101837229886697930,2026-09-20 20:53:40,ZEC,ZEC-USD,1m,yes,2026-09-20 20:54,1541.1899,-0.358,,-0.011,,-1.934,,5.667,,-4.578,,4.94,20,SPY not trading at base
x,FemmyYohana,2101990217813205404,2026-09-21 07:01:35,NVDA,NVDA,1m,no,2026-09-21 09:30,222.935,0.034,0.010,0.540,0.462,0.316,-0.047,2.644,1.706,1.935,0.987,0.66,20,
x,joinautopilot,2102032286354964663,2026-09-21 09:48:45,GFS,GFS,1m,yes,2026-09-21 09:49,48.615,-0.926,-0.982,-0.257,-0.328,-0.565,-0.868,-1.327,-2.174,-0.103,-0.960,1.94,20,
x,joinautopilot,2102032286354964663,2026-09-21 09:48:45,GFS,GFS,1m,yes,2026-09-21 09:49,48.615,-0.926,-0.982,-0.257,-0.328,-0.565,-0.868,-1.327,-2.174,-0.103,-0.960,1.94,20,
x,joinautopilot,2102032286354964663,2026-09-21 09:48:45,IBM,IBM,1m,yes,2026-09-21 09:49,231.73,-0.121,-0.177,-0.211,-0.282,-0.360,-0.663,-0.166,-1.013,0.082,-0.775,2.31,20,
x,joinautopilot,2102032286354964663,2026-09-21 09:48:45,IBM,IBM,1m,yes,2026-09-21 09:49,231.73,-0.121,-0.177,-0.211,-0.282,-0.360,-0.663,-0.166,-1.013,0.082,-0.775,2.31,20,
x,joinautopilot,2102032286354964663,2026-09-21 09:48:45,INFQ,INFQ,1m,yes,2026-09-21 09:49,14.015,0.036,-0.021,1.213,1.142,0.464,0.161,0.285,-0.561,-0.392,-1.250,2.04,20,
x,joinautopilot,2102032286354964663,2026-09-21 09:48:45,INFQ,INFQ,1m,yes,2026-09-21 09:49,14.015,0.036,-0.021,1.213,1.142,0.464,0.161,0.285,-0.561,-0.392,-1.250,2.04,20,
x,joinautopilot,2102032286354964663,2026-09-21 09:48:45,QBTS,QBTS,1m,yes,2026-09-21 09:49,17.51,-0.057,-0.114,0.999,0.928,1.085,0.781,0.114,-0.733,1.028,0.171,0.87,20,
x,joinautopilot,2102032286354964663,2026-09-21 09:48:45,QBTS,QBTS,1m,yes,2026-09-21 09:49,17.51,-0.057,-0.114,0.999,0.928,1.085,0.781,0.114,-0.733,1.028,0.171,0.87,20,
x,joinautopilot,2102032286354964663,2026-09-21 09:48:45,RGTI,RGTI,1m,yes,2026-09-21 09:49,16.276,-0.467,-0.524,0.332,0.261,0.240,-0.064,1.499,0.652,1.683,0.826,1.1,20,
x,joinautopilot,2102032286354964663,2026-09-21 09:48:45,RGTI,RGTI,1m,yes,2026-09-21 09:49,16.276,-0.467,-0.524,0.332,0.261,0.240,-0.064,1.499,0.652,1.683,0.826,1.1,20,
x,outliercapx,2102032511949750541,2026-09-21 09:49:39,AAOI,AAOI,1m,yes,2026-09-21 09:50,107.64,-0.427,-0.495,-1.561,-1.623,-0.427,-0.687,-0.529,-1.369,0.966,0.116,0.86,20,
x,outliercapx,2102032511949750541,2026-09-21 09:49:39,CRDO,CRDO,1m,yes,2026-09-21 09:50,183.82,0.941,0.873,0.443,0.381,0.335,0.074,4.673,3.833,1.948,1.097,1.64,20,
x,outliercapx,2102032511949750541,2026-09-21 09:49:39,IQE,IQE.L,1m,yes,2026-09-21 09:50,43.45,0.115,0.048,-0.115,-0.178,1.381,1.121,3.452,2.624,1.151,0.778,0.49,20,
x,outliercapx,2102032511949750541,2026-09-21 09:49:39,LITE,LITE,1m,yes,2026-09-21 09:50,976.0,-0.130,-0.197,-0.827,-0.889,-0.115,-0.375,-3.117,-3.956,-2.204,-3.054,1.46,20,
x,outliercapx,2102032511949750541,2026-09-21 09:49:39,SIVE,SIVE.ST,1m,yes,2026-09-21 09:50,34.24,-0.350,-0.418,-0.409,-0.471,0.058,-0.202,4.498,3.670,-0.117,-0.490,0.38,20,
x,outliercapx,2102032511949750541,2026-09-21 09:49:39,TSEM,TSEM,1m,yes,2026-09-21 09:50,232.87,0.331,0.263,1.215,1.153,2.459,2.199,1.658,0.818,0.356,-0.494,1.71,20,
x,joinautopilot,2102039877319602251,2026-09-21 10:18:55,NOVT,NOVT,1m,yes,2026-09-21 10:20,133.75,0.804,0.726,0.344,0.248,0.920,0.696,7.895,7.243,0.351,-0.311,2.1,20,
x,joinautopilot,2102039877319602251,2026-09-21 10:18:55,PH,PH,1m,yes,2026-09-21 10:19,948.72,0.106,0.020,0.303,0.203,0.709,0.495,1.695,1.044,1.017,0.356,1.8,20,
x,joinautopilot,2102039877319602251,2026-09-21 10:18:55,TEL,TEL,1m,yes,2026-09-21 10:19,207.825,-0.171,-0.257,-0.132,-0.233,0.250,0.037,2.709,2.058,1.056,0.395,0.82,20,
x,joinautopilot,2102039877319602251,2026-09-21 10:18:55,TER,TER,1m,yes,2026-09-21 10:19,374.06,0.004,-0.082,0.278,0.178,1.600,1.387,6.587,5.936,1.935,1.274,0.92,20,
x,NoLimitGains,2102044123448348692,2026-09-21 10:35:47,META,META,1m,yes,2026-09-21 10:36,711.435,-0.145,-0.149,-0.133,-0.091,0.437,0.345,3.549,2.997,4.174,3.612,1.79,20,
x,aleabitoreddit,2102062423499047004,2026-09-21 11:48:30,AAOI,AAOI,1m,yes,2026-09-21 11:49,109.0001,-0.275,-0.248,0.147,0.147,-0.927,-1.081,-1.771,-2.083,-0.294,-0.617,1.24,20,
x,aleabitoreddit,2102062423499047004,2026-09-21 11:48:30,AMD,AMD,1m,yes,2026-09-21 11:49,609.46,0.112,0.139,0.130,0.130,0.119,-0.035,2.386,2.073,0.968,0.645,1.75,20,
x,aleabitoreddit,2102062423499047004,2026-09-21 11:48:30,ARM,ARM,1m,yes,2026-09-21 11:49,317.7,0.255,0.282,0.100,0.100,0.497,0.343,4.920,4.607,1.700,1.377,5.1,20,
x,aleabitoreddit,2102062423499047004,2026-09-21 11:48:30,CRWV,CRWV,1m,yes,2026-09-21 11:49,85.8,0.023,0.051,-0.216,-0.216,1.160,1.005,1.107,0.795,-0.420,-0.743,1.15,20,
x,aleabitoreddit,2102062423499047004,2026-09-21 11:48:30,EWY,EWY,1m,yes,2026-09-21 11:49,188.64,-0.011,0.017,-0.111,-0.111,0.143,-0.011,2.089,1.776,0.281,-0.042,0.75,20,
x,aleabitoreddit,2102062423499047004,2026-09-21 11:48:30,INTC,INTC,1m,yes,2026-09-21 11:49,124.665,-0.189,-0.161,-0.910,-0.910,-1.560,-1.714,-0.662,-0.974,-2.314,-2.637,3.25,20,
x,aleabitoreddit,2102062423499047004,2026-09-21 11:48:30,IREN,IREN,1m,yes,2026-09-21 11:49,47.46,-0.042,-0.015,-0.443,-0.443,0.210,0.056,2.297,1.984,-0.443,-0.765,0.9,20,
x,aleabitoreddit,2102062423499047004,2026-09-21 11:48:30,MRVL,MRVL,1m,yes,2026-09-21 11:49,253.95,0.045,0.072,0.144,0.144,0.427,0.273,3.276,2.964,1.331,1.008,0.58,20,
x,aleabitoreddit,2102062423499047004,2026-09-21 11:48:30,MU,MU,1m,yes,2026-09-21 11:49,1038.5551,-0.152,-0.124,-0.008,-0.008,0.206,0.051,5.394,5.082,0.458,0.135,0.88,20,
x,aleabitoreddit,2102062423499047004,2026-09-21 11:48:30,NBIS,NBIS,1m,yes,2026-09-21 11:49,235.062,-0.311,-0.284,-0.762,-0.762,-0.630,-0.785,0.531,0.218,-0.943,-1.266,0.96,20,
x,aleabitoreddit,2102062423499047004,2026-09-21 11:48:30,PSMC,PSMC,,,,,,,,,,,,,,,,,no Yahoo bars for symbol (http 404)
x,aleabitoreddit,2102062423499047004,2026-09-21 11:48:30,SIVE,SIVE.ST,1m,no,2026-09-22 03:00,34.38,-4.479,,-3.956,,-5.352,,-4.596,,4.072,,0.6,20,SPY not trading at base
x,aleabitoreddit,2102062423499047004,2026-09-21 11:48:30,SKHY,000660.KS,1m,no,2026-09-21 20:00,1909000.0,1.048,,1.048,,0.733,,-2.933,,-2.776,,1.32,20,SPY not trading at base
x,optionscjp,2102074408647188579,2026-09-21 12:36:08,META,META,1m,yes,2026-09-21 12:37,727.725,0.190,0.245,0.144,0.177,1.514,1.512,1.230,1.098,1.842,1.700,2.78,20,
x,optionscjp,2102074408647188579,2026-09-21 12:36:08,VST,VST,1m,yes,2026-09-21 12:37,142.12,-0.232,-0.178,0.011,0.044,-0.366,-0.367,-1.189,-1.321,-0.957,-1.099,1.06,20,
x,TheLongInvest,2102125735733321980,2026-09-21 16:00:05,HIMS,HIMS,1m,no,2026-09-22 09:30,29.95,-1.836,-1.936,-0.568,-0.642,1.502,1.566,-5.209,-4.401,1.636,1.712,1.16,20,
x,RockBtmEntries,2102131116190695647,2026-09-21 16:21:28,MLP.V,MLP.V,1m,no,2026-09-22 09:30,2.42,2.066,1.967,1.653,1.578,5.372,5.435,5.785,6.593,10.744,10.820,0.02,20,
x,amitisinvesting,2102201474784628925,2026-09-21 21:01:03,GRAB,GRAB,1m,no,2026-09-22 09:30,3.045,1.796,1.697,2.792,2.717,1.281,1.344,5.255,6.062,3.941,4.017,9.37,20,
x,BubleQe,2102448442824159237,2026-09-22 13:22:25,TOU,TOU.TO,1m,yes,2026-09-22 13:23,60.2,0.066,0.034,0.457,0.441,0.149,0.005,1.595,2.292,-0.490,-0.525,1.23,20,
x,BubleQe,2102448442824159237,2026-09-22 13:22:25,TOU.TO,TOU.TO,1m,yes,2026-09-22 13:23,60.2,0.066,0.034,0.457,0.441,0.149,0.005,1.595,2.292,-0.490,-0.525,1.23,20,
x,wliang,2102466811749130354,2026-09-22 14:35:24,AMD,AMD,1m,yes,2026-09-22 14:36,619.645,-0.084,-0.097,-0.119,-0.141,0.328,0.197,-0.762,0.026,0.703,0.760,1.03,20,
x,wliang,2102466811749130354,2026-09-22 14:35:24,INTC,INTC,1m,yes,2026-09-22 14:36,122.685,-0.008,-0.021,-0.029,-0.050,0.094,-0.038,-0.069,0.719,0.941,0.998,1.51,20,
x,BubleQe,2102485253587890530,2026-09-22 15:48:41,SCR.TO,SCR.TO,1m,yes,2026-09-22 15:49,39.51,0.228,0.245,1.772,2.012,0.683,1.390,-0.203,0.687,0.025,0.184,0.86,20,
x,BubleQe,2102491090993766718,2026-09-22 16:11:53,SHEL,SHEL,1m,no,2026-09-23 09:30,94.18,0.276,0.320,0.520,0.633,0.929,1.438,1.508,2.226,1.311,1.960,0.63,20,
x,BubleQe,2102491090993766718,2026-09-22 16:11:53,TOU.TO,TOU.TO,1m,no,2026-09-23 09:30,60.5,0.628,0.672,1.223,1.336,2.066,2.575,1.537,2.255,1.091,1.739,0.82,20,
x,Peter_Lukacs_R,2102513227817013703,2026-09-22 17:39:50,TOU.TO,TOU.TO,1m,no,2026-09-23 09:30,60.5,0.628,0.672,1.223,1.336,2.066,2.575,1.537,2.255,1.091,1.739,0.82,20,
x,Peter_Lukacs_R,2102513227817013703,2026-09-22 17:39:50,TPZ.TO,TPZ.TO,1m,no,2026-09-23 09:30,28.8,1.042,1.086,1.597,1.710,2.448,2.956,1.424,2.142,1.215,1.864,24.73,20,
x,KC_Invests,2102529310728806633,2026-09-22 18:43:45,SCR.TO,SCR.TO,1m,no,2026-09-23 09:30,39.98,-0.650,-0.606,-0.250,-0.137,-1.026,-0.517,-1.050,-0.332,-1.376,-0.727,0.53,20,
x,wliang,2102551341679722892,2026-09-22 20:11:18,ASST,ASST,1m,no,2026-09-23 09:30,28.61,3.530,3.574,2.831,2.944,-0.804,-0.295,4.666,5.384,1.328,1.976,0.6,20,
x,wliang,2102551341679722892,2026-09-22 20:11:18,BTC,BTC-USD,1m,yes,2026-09-22 20:12,86293.7109,0.090,,0.253,,0.455,,-2.211,,-2.223,,0.02,20,SPY not trading at base
x,wliang,2102551341679722892,2026-09-22 20:11:18,CYPH,CYPH,1m,no,2026-09-23 09:30,3.79,2.902,2.946,0.923,1.037,-3.393,-2.885,7.177,7.895,-4.090,-3.441,1.96,20,
x,wliang,2102551341679722892,2026-09-22 20:11:18,ETHA,ETHA,1m,no,2026-09-23 09:30,20.47,0.011,0.055,0.273,0.386,-2.272,-1.763,-0.684,0.034,-1.270,-0.622,0.46,20,
x,wliang,2102551341679722892,2026-09-22 20:11:18,HYPE,HYPE32196-USD,1m,yes,2026-09-22 20:12,97.47,0.082,,0.154,,-0.021,,-5.499,,-3.570,,0.67,20,SPY not trading at base
x,wliang,2102551341679722892,2026-09-22 20:11:18,IBIT,IBIT,1m,no,2026-09-23 09:30,48.45,0.031,0.075,0.330,0.443,-1.775,-1.266,-1.362,-0.644,-1.207,-0.559,0.61,20,
x,wliang,2102551341679722892,2026-09-22 20:11:18,MSTR,MSTR,1m,no,2026-09-23 09:30,167.135,0.248,0.292,0.975,1.088,-2.809,-2.301,-3.306,-2.587,-2.875,-2.227,0.84,20,
x,wliang,2102551341679722892,2026-09-22 20:11:18,MU,MU,1m,no,2026-09-23 09:30,1099.9399,-0.758,-0.714,-0.983,-0.870,-2.188,-1.679,-1.938,-1.220,-2.592,-1.944,0.88,20,
x,wliang,2102551341679722892,2026-09-22 20:11:18,NEAR,NEAR-USD,1m,yes,2026-09-22 20:12,4.4144,-0.009,,-0.521,,-0.666,,3.899,,-2.068,,0.07,20,SPY not trading at base
x,wliang,2102551341679722892,2026-09-22 20:11:18,SOL,SOL-USD,1m,yes,2026-09-22 20:12,118.69,0.076,,0.278,,0.371,,-1.415,,-3.143,,0.0,20,SPY not trading at base
x,wliang,2102551341679722892,2026-09-22 20:11:18,ZEC,ZEC-USD,1m,yes,2026-09-22 20:12,1614.83,0.124,,-0.055,,-0.322,,-4.303,,-7.205,,1.92,20,SPY not trading at base
x,Barchart,2102590748491501723,2026-09-22 22:47:53,CRML,CRML,1m,no,2026-09-23 09:30,8.45,-4.260,-4.216,-2.604,-2.490,-6.213,-5.705,-3.491,-2.773,-8.698,-8.050,1.12,20,
x,MMatters22596,2102772300508434728,2026-09-23 10:49:18,ALAB,ALAB,1m,yes,2026-09-23 10:50,354.73,0.559,0.409,0.543,0.465,0.099,0.192,1.665,1.923,1.610,1.798,1.07,20,
x,MMatters22596,2102772300508434728,2026-09-23 10:49:18,ALGT,ALGT,1m,yes,2026-09-23 10:51,79.39,0.768,0.601,0.334,0.240,-0.642,-0.598,-3.212,-2.994,-2.645,-2.498,0.82,20,
x,MMatters22596,2102772300508434728,2026-09-23 10:49:18,AMZN,AMZN,1m,yes,2026-09-23 10:50,249.1475,0.493,0.343,0.599,0.521,0.282,0.376,0.081,0.340,0.081,0.270,1.36,20,
x,MMatters22596,2102772300508434728,2026-09-23 10:49:18,MRVL,MRVL,1m,yes,2026-09-23 10:50,258.0921,0.879,0.729,0.516,0.439,0.305,0.399,0.309,0.568,1.088,1.276,0.83,20,
x,MMatters22596,2102772300508434728,2026-09-23 10:49:18,RIVN,RIVN,1m,yes,2026-09-23 10:50,14.865,0.504,0.355,0.504,0.427,1.446,1.540,2.792,3.050,1.009,1.198,1.3,20,
x,aleabitoreddit,2102790422007550083,2026-09-23 12:01:19,MU,MU,1m,yes,2026-09-23 12:02,1075.6263,0.020,0.033,-0.013,-0.008,-0.934,-0.831,0.278,0.434,-0.390,-0.305,0.6,20,
x,aleabitoreddit,2102790422007550083,2026-09-23 12:01:19,SKHY,000660.KS,1m,no,2026-09-27 20:00,1825000.0,-0.110,,-0.493,,-1.425,,-3.726,,-2.466,,0.64,20,SPY not trading at base
x,aleabitoreddit,2102790422007550083,2026-09-23 12:01:19,SMTC,SMTC,1m,yes,2026-09-23 12:02,169.15,0.372,0.386,0.582,0.588,-0.343,-0.239,3.157,3.312,0.148,0.233,1.15,20,
x,VanIsleInvestor,2102924555501388138,2026-09-23 20:54:19,CVE,CVE.TO,1m,no,2026-09-24 09:30,44.37,0.271,0.187,1.262,1.185,0.811,0.553,-1.352,-2.299,-0.282,-0.697,1.82,20,
x,VanIsleInvestor,2102924555501388138,2026-09-23 20:54:19,SCR,SCR.TO,1m,no,2026-09-24 09:30,39.9,1.429,1.345,0.802,0.725,0.251,-0.008,-2.782,-3.729,-0.852,-1.268,5.31,20,
x,DudeWhoInvests,2102988141476892807,2026-09-24 01:06:59,AAPL,AAPL,1m,no,2026-09-24 09:30,336.32,0.012,-0.071,-0.408,-0.484,0.332,0.073,1.403,0.457,-0.134,-0.549,0.56,20,
x,DudeWhoInvests,2102988141476892807,2026-09-24 01:06:59,META,META,1m,no,2026-09-24 09:30,756.83,0.400,0.317,0.183,0.106,1.180,0.921,-0.651,-1.598,2.723,2.308,2.08,20,
x,NoLimitGains,2103120151805624549,2026-09-24 09:51:32,GRAB,GRAB,1m,yes,2026-09-24 09:52,3.165,0.316,0.320,-0.158,-0.301,-0.316,-0.350,-0.632,-1.458,-1.580,-1.875,1.07,20,
x,NoLimitGains,2103120151805624549,2026-09-24 09:51:32,UBER,UBER,1m,yes,2026-09-24 09:52,69.6,-0.014,-0.011,0.029,-0.114,0.115,0.081,0.000,-0.826,-0.611,-0.906,0.72,20,
x,aleabitoreddit,2103139052363133062,2026-09-24 11:06:39,ACN,ACN,1m,yes,2026-09-24 11:07,180.7916,0.010,0.029,-0.241,-0.209,-0.366,-0.332,-2.612,-3.538,-1.859,-2.255,0.91,20,
x,aleabitoreddit,2103139052363133062,2026-09-24 11:06:39,APLD,APLD,1m,yes,2026-09-24 11:07,26.715,-0.374,-0.356,-0.643,-0.610,-0.674,-0.640,-1.778,-2.704,1.291,0.896,0.8,20,
x,aleabitoreddit,2103139052363133062,2026-09-24 11:06:39,BITF,BITF,,,,,,,,,,,,,,,,,no Yahoo bars for symbol (http 404)
x,aleabitoreddit,2103139052363133062,2026-09-24 11:06:39,CIFR,CIFR,1m,yes,2026-09-24 11:07,18.095,-0.580,-0.562,-0.884,-0.852,-0.470,-0.436,-2.017,-2.943,0.000,-0.395,0.7,20,
x,aleabitoreddit,2103139052363133062,2026-09-24 11:06:39,CLSK,CLSK,1m,yes,2026-09-24 11:07,14.155,-0.388,-0.370,-0.707,-0.674,-0.177,-0.143,-1.448,-2.375,0.671,0.276,1.58,20,
x,aleabitoreddit,2103139052363133062,2026-09-24 11:06:39,CRWV,CRWV,1m,yes,2026-09-24 11:07,86.4,-0.093,-0.074,0.058,0.091,-0.312,-0.279,1.366,0.439,4.317,3.922,0.91,20,
x,aleabitoreddit,2103139052363133062,2026-09-24 11:06:39,IREN,IREN,1m,yes,2026-09-24 11:07,45.58,-0.395,-0.377,-0.801,-0.768,0.143,0.177,-3.185,-4.112,1.316,0.921,1.14,20,
x,aleabitoreddit,2103139052363133062,2026-09-24 11:06:39,META,META,1m,yes,2026-09-24 11:07,767.59,-0.305,-0.286,-0.022,0.011,-0.293,-0.259,-2.044,-2.970,1.283,0.888,1.58,20,
x,aleabitoreddit,2103139052363133062,2026-09-24 11:06:39,MSFT,MSFT,1m,yes,2026-09-24 11:07,494.33,-0.042,-0.023,0.121,0.154,0.252,0.286,4.404,3.478,0.658,0.263,0.84,20,
x,aleabitoreddit,2103139052363133062,2026-09-24 11:06:39,NBIS,NBIS,1m,yes,2026-09-24 11:07,240.3551,0.044,0.062,0.468,0.501,0.196,0.230,-1.213,-2.139,1.281,0.886,1.61,20,
x,aleabitoreddit,2103139052363133062,2026-09-24 11:06:39,ORCL,ORCL,1m,yes,2026-09-24 11:07,137.445,-0.120,-0.102,-0.091,-0.058,0.491,0.525,-0.262,-1.188,1.513,1.118,1.4,20,
x,aleabitoreddit,2103139052363133062,2026-09-24 11:06:39,SHOP,SHOP,1m,yes,2026-09-24 11:07,143.66,-0.063,-0.044,-0.098,-0.065,-1.114,-1.080,-0.988,-1.915,1.044,0.649,0.61,20,
x,aleabitoreddit,2103139052363133062,2026-09-24 11:06:39,SLNH,SLNH,1m,yes,2026-09-24 11:07,1.22,-0.410,-0.392,-0.410,-0.377,1.230,1.264,0.410,-0.517,2.049,1.654,0.79,20,
x,aleabitoreddit,2103139052363133062,2026-09-24 11:06:39,WULF,WULF,1m,yes,2026-09-24 11:07,16.12,-0.496,-0.477,-0.651,-0.619,-0.310,-0.276,-2.357,-3.284,0.993,0.597,1.09,20,
x,aleabitoreddit,2103139052363133062,2026-09-24 11:06:39,WYFI,WYFI,1m,yes,2026-09-24 11:07,18.82,0.000,0.018,-0.266,-0.233,1.169,1.203,4.357,3.431,7.598,7.203,0.55,20,
x,joinautopilot,2103184049116512363,2026-09-24 14:05:27,LHX,LHX,1m,yes,2026-09-24 14:06,240.0834,0.099,-0.002,0.157,0.033,-0.222,-0.416,-1.043,-1.746,-0.855,-1.029,0.99,20,
x,joinautopilot,2103184049116512363,2026-09-24 14:05:27,LMT,LMT,1m,yes,2026-09-24 14:06,527.345,0.143,0.043,0.102,-0.022,-0.213,-0.407,-1.492,-2.196,-0.687,-0.861,0.6,20,
x,joinautopilot,2103184049116512363,2026-09-24 14:05:27,OLN,OLN,1m,yes,2026-09-24 14:06,16.47,0.091,-0.009,-0.091,-0.215,-1.245,-1.439,-0.425,-1.129,-1.305,-1.479,0.86,20,
x,joinautopilot,2103184049116512363,2026-09-24 14:05:27,RTX,RTX,1m,yes,2026-09-24 14:06,190.98,0.126,0.025,0.066,-0.059,-0.309,-0.503,-0.833,-1.536,-1.230,-1.404,1.13,20,
x,KyleReidhead,2103187835335463364,2026-09-24 14:20:29,SPCX,SPCX,1m,yes,2026-09-24 14:21,147.83,0.091,0.003,-0.176,-0.187,-0.484,-0.576,0.609,0.031,0.160,0.111,0.61,20,
x,BubleQe,2103208797993127954,2026-09-24 15:43:47,PNE.TO,PNE.TO,1m,yes,2026-09-24 15:48,0.56,0.000,-0.043,-1.786,-1.941,-1.786,-1.665,-3.571,-4.053,-1.786,-1.739,4.73,20,
x,BubleQe,2103208797993127954,2026-09-24 15:43:47,TOU.TO,TOU.TO,1m,yes,2026-09-24 15:45,61.67,0.016,0.045,-0.389,-0.345,-1.054,-0.969,-0.486,-0.971,-0.389,-0.345,0.78,20,
x,BubleQe,2103208797993127954,2026-09-24 15:43:47,TPZ.TO,TPZ.TO,1m,yes,2026-09-24 15:45,29.26,-0.102,-0.073,-0.171,-0.127,-1.196,-1.111,-1.299,-1.783,-0.171,-0.127,0.95,20,
x,aleabitoreddit,2103232350348001701,2026-09-24 17:17:23,AKAM,AKAM,1m,no,2026-09-25 09:30,127.35,-2.073,-2.159,-4.515,-4.607,-6.886,-6.706,-14.448,-14.022,-10.538,-10.866,37.38,20,
x,aleabitoreddit,2103232350348001701,2026-09-24 17:17:23,AMD,AMD,1m,no,2026-09-25 09:30,634.6101,0.235,0.149,0.107,0.015,-0.753,-0.573,-4.215,-3.788,-0.671,-0.999,1.09,20,
x,aleabitoreddit,2103232350348001701,2026-09-24 17:17:23,MU,MU,1m,no,2026-09-25 09:30,1095.475,0.965,0.879,0.093,0.001,-1.618,-1.437,-3.796,-3.369,-1.258,-1.586,0.93,20,
x,KyleReidhead,2103473353990480000,2026-09-25 09:15:02,SPCX,SPCX,1m,no,2026-09-25 09:30,148.38,-0.223,-0.309,-0.300,-0.392,-1.334,-1.153,-1.947,-1.520,0.236,-0.092,0.64,20,
x,wliang,2103477680742269317,2026-09-25 09:32:14,CYPH,CYPH,1m,yes,2026-09-25 09:33,3.96,1.136,1.044,-1.263,-1.357,2.399,2.539,-16.414,-15.984,3.788,3.464,1.19,20,
x,wliang,2103477680742269317,2026-09-25 09:32:14,MU,MU,1m,yes,2026-09-25 09:33,1096.0601,0.698,0.606,-0.225,-0.320,-1.373,-1.233,-3.847,-3.417,-1.311,-1.635,0.93,20,
x,wliang,2103477680742269317,2026-09-25 09:32:14,ZEC,ZEC-USD,1m,yes,2026-09-25 09:33,1594.09,0.565,0.473,-0.373,-0.468,-0.089,0.051,3.646,3.322,-2.454,-2.778,0.49,20,
x,stark0xbt,2103541701289910517,2026-09-25 13:46:38,ASML,ASML,1m,yes,2026-09-25 13:47,1741.725,-0.003,-0.016,-0.001,-0.038,0.002,0.001,1.704,2.405,0.044,-0.007,0.42,20,
x,stark0xbt,2103541701289910517,2026-09-25 13:46:38,LRCX,LRCX,1m,yes,2026-09-25 13:47,314.535,0.062,0.048,-0.138,-0.175,-0.235,-0.236,-0.008,0.693,0.240,0.189,0.73,20,
x,stark0xbt,2103541701289910517,2026-09-25 13:46:38,MU,MU,1m,yes,2026-09-25 13:47,1083.14,-0.133,-0.147,-0.056,-0.093,-0.124,-0.124,-2.700,-1.999,-0.134,-0.185,0.62,20,
x,Sam67024298780,2103861313260945516,2026-09-26 10:56:39,LITE,LITE,1m,no,2026-09-28 09:30,947.98,-1.186,-1.110,-3.680,-3.587,-5.600,-5.483,2.640,3.169,-2.776,-2.405,1.31,20,
x,Sam67024298780,2103861313260945516,2026-09-26 10:56:39,MU,MU,1m,no,2026-09-28 09:30,1075.6,-0.897,-0.821,-1.502,-1.408,-2.428,-2.310,-0.948,-0.420,-2.018,-1.647,0.72,20,
x,Sam67024298780,2103861313260945516,2026-09-26 10:56:39,NVDA,NVDA,1m,no,2026-09-28 09:30,229.7,1.014,1.090,1.099,1.193,0.683,0.801,-1.045,-0.516,-0.357,0.014,2.16,20,
x,wliang,2104220390189076513,2026-09-27 10:43:30,AAOI,AAOI,1m,no,2026-09-28 09:30,100.178,0.491,0.567,-1.405,-1.312,-3.422,-3.305,0.556,1.084,-3.362,-2.991,1.08,20,
x,wliang,2104220390189076513,2026-09-27 10:43:30,AMD,AMD,1m,no,2026-09-28 09:30,624.895,-0.371,-0.296,-2.075,-1.981,-2.704,-2.587,-2.740,-2.212,-2.726,-2.355,0.9,20,
x,wliang,2104220390189076513,2026-09-27 10:43:30,INTC,INTC,1m,no,2026-09-28 09:30,120.655,-0.526,-0.451,-3.112,-3.018,-2.727,-2.610,-3.875,-3.346,-3.750,-3.380,0.99,20,
x,wliang,2104220390189076513,2026-09-27 10:43:30,MSTR,MSTR,1m,no,2026-09-28 09:30,157.9018,-0.614,-0.538,0.923,1.017,-0.676,-0.558,-2.015,-1.487,-0.489,-0.118,0.65,20,
x,joinautopilot,2104246491678482614,2026-09-27 12:27:13,F,F,1m,no,2026-09-28 09:30,12.63,-1.040,-0.964,-0.792,-0.698,-0.474,-0.357,-2.534,-2.005,-1.972,-1.601,1.1,20,
x,joinautopilot,2104246491678482614,2026-09-27 12:27:13,GM,GM,1m,no,2026-09-28 09:30,81.9,0.079,0.155,0.452,0.545,0.678,0.795,-1.740,-1.212,-1.520,-1.149,0.66,20,
x,joinautopilot,2104246491678482614,2026-09-27 12:27:13,STLA,STLA,1m,no,2026-09-28 09:30,4.735,-0.422,-0.347,-0.950,-0.857,-0.957,-0.840,-6.547,-6.019,-2.429,-2.058,1.63,20,
x,wallstengine,2104667772265648182,2026-09-28 16:21:14,NVTS,NVTS,1m,no,2026-09-29 09:30,12.805,-6.678,-6.489,-6.364,-6.140,-7.384,-7.186,-9.293,-8.721,-8.356,-8.025,9.61,20,
x,VanIsleInvestor,2105157537184240033,2026-09-30 00:47:23,TOU,TOU.TO,1m,no,2026-09-30 09:30,60.03,0.616,0.579,1.050,1.022,1.399,1.214,1.000,1.317,1.516,2.039,0.56,20,
x,wliang,2105304261298954699,2026-09-30 10:30:25,BWET,BWET,1m,yes,2026-09-30 10:43,789.9999,0.000,0.008,-0.080,-0.193,0.529,0.497,4.115,4.679,0.985,1.754,0.13,20,
x,joinautopilot,2105307369055891814,2026-09-30 10:42:46,LAC,LAC,1m,yes,2026-09-30 10:43,2.6889,-0.052,-0.044,-0.242,-0.355,-0.889,-0.921,-4.236,-3.672,-2.376,-1.607,0.84,20,
x,joinautopilot,2105307369055891814,2026-09-30 10:42:46,MP,MP,1m,yes,2026-09-30 10:43,48.6249,-0.802,-0.794,-0.483,-0.596,-1.254,-1.286,-5.213,-4.650,-2.725,-1.956,1.62,20,
x,joinautopilot,2105307369055891814,2026-09-30 10:42:46,TMQ,TMQ,1m,yes,2026-09-30 10:43,3.185,-0.471,-0.463,-0.628,-0.741,-1.099,-1.131,-3.768,-3.204,-2.983,-2.213,0.63,20,
x,joinautopilot,2105307369055891814,2026-09-30 10:42:46,USAR,USAR,1m,yes,2026-09-30 10:43,14.71,-0.714,-0.706,-0.498,-0.611,-1.734,-1.765,-6.050,-5.487,-4.249,-3.480,1.35,20,
x,JudeClimacus,2105336132515123427,2026-09-30 12:37:03,PGLD.V,PGLD.V,1m,yes,2026-09-30 12:46,1.41,0.000,0.018,0.000,-0.021,-1.418,-1.314,8.511,9.042,-2.128,-1.391,1.14,20,
x,VanIsleInvestor,2105684568468803726,2026-10-01 11:41:37,PPL,PPL.TO,1m,yes,2026-10-01 11:42,63.73,0.079,0.101,0.235,0.164,0.738,0.519,2.667,1.387,1.051,0.514,0.77,20,
x,BubleQe,2105687263749533997,2026-10-01 11:52:20,CNQ,CNQ,1m,yes,2026-10-01 11:53,47.85,-0.084,-0.222,0.000,-0.172,-0.042,-0.274,1.264,-0.063,-0.063,-0.646,1.91,20,
x,BubleQe,2105687263749533997,2026-10-01 11:52:20,CNQ.TO,CNQ.TO,1m,yes,2026-10-01 11:53,68.21,-0.088,-0.226,0.000,-0.172,-0.044,-0.276,1.305,-0.022,-0.220,-0.803,1.63,20,
x,BubleQe,2105687263749533997,2026-10-01 11:52:20,SCR.TO,SCR.TO,1m,yes,2026-10-01 11:53,39.23,0.178,0.040,0.128,-0.045,0.153,-0.079,0.382,-0.945,-0.688,-1.271,3.17,20,
x,aleabitoreddit,2105709782854435274,2026-10-01 13:21:49,AAOI,AAOI,1m,yes,2026-10-01 13:22,105.17,0.851,0.737,1.835,1.628,1.208,1.134,9.841,8.951,2.006,1.857,6.66,20,
x,aleabitoreddit,2105709782854435274,2026-10-01 13:21:49,AXTI,AXTI,1m,yes,2026-10-01 13:22,82.2,0.645,0.531,0.006,-0.201,-2.135,-2.208,4.465,3.575,-0.487,-0.636,1.52,20,
x,aleabitoreddit,2105709782854435274,2026-10-01 13:21:49,COHR,COHR,1m,yes,2026-10-01 13:22,319.18,0.520,0.406,0.826,0.619,-0.826,-0.899,5.627,4.737,0.038,-0.112,2.81,20,
x,aleabitoreddit,2105709782854435274,2026-10-01 13:21:49,LITE,LITE,1m,yes,2026-10-01 13:22,1045.34,0.597,0.482,0.740,0.532,-0.475,-0.549,3.834,2.944,0.026,-0.124,2.15,20,
x,aleabitoreddit,2105709782854435274,2026-10-01 13:21:49,MXL,MXL,1m,yes,2026-10-01 13:22,94.35,0.487,0.373,0.440,0.233,-2.491,-2.564,12.316,11.426,-2.427,-2.576,0.92,20,
x,aleabitoreddit,2105709782854435274,2026-10-01 13:21:49,SIVE,SIVE.ST,1m,no,2026-10-02 03:00,32.02,0.500,,0.999,,3.310,,,,3.935,,0.88,20,no 1d; SPY not trading at base
x,aleabitoreddit,2105709782854435274,2026-10-01 13:21:49,SMTC,SMTC,1m,yes,2026-10-01 13:22,187.29,0.176,0.062,-0.368,-0.576,-1.036,-1.109,4.108,3.218,-0.347,-0.496,1.79,20,
x,BubleQe,2105730988282360290,2026-10-01 14:46:04,ENB,ENB,1m,yes,2026-10-01 14:47,46.21,-0.065,-0.079,-0.065,-0.083,-0.011,-0.109,-0.498,-1.210,0.130,0.157,0.82,20,
x,BubleQe,2105802058561646998,2026-10-01 19:28:29,COP,COP,1m,no,2026-10-02 09:30,125.01,0.900,0.884,1.568,1.432,0.692,0.497,,,1.400,1.518,0.59,20,no 1d
x,BubleQe,2105830038327513412,2026-10-01 21:19:40,TOU.TO,TOU.TO,1m,no,2026-10-02 09:30,60.21,0.830,0.815,1.096,0.961,0.947,0.752,,,3.023,3.141,0.46,20,no 1d
x,aleabitoreddit,2105943565918703696,2026-10-02 04:50:47,LITE,LITE,1m,no,2026-10-02 09:30,1051.1899,0.052,0.036,-0.224,-0.360,2.109,1.914,,,3.256,3.374,1.3,20,no 1d
